fitness_true,E,W,x0_true,rep,n_points,t_start,t_end,vaf_start,vaf_end,status,fitness_map,x0_map
0.1,200000.0,1.0,1.0,0,3,186.09304652326162,198.09904952476236,0.056916698077647945,0.08293316028552888,ok,0.04070367738488298,11982.126663191368
0.1,200000.0,1.0,1.0,1,3,186.09304652326162,198.09904952476236,0.05375107789594711,0.08607292289300658,ok,0.043467396342949674,11428.60211748935
0.1,200000.0,1.0,1.0,2,2,192.096048024012,198.09904952476236,0.062305833620987225,0.07905982905982906,ok,0.046324747328045375,14222.094995211113
0.1,200000.0,1.0,1.0,3,2,192.096048024012,198.09904952476236,0.06967650195520796,0.0795144157814871,ok,0.025897444097327107,16187.444555735054
0.1,200000.0,1.0,1.0,4,2,192.096048024012,198.09904952476236,0.06815384615384615,0.08097351905709475,ok,0.03379074866145196,15780.405606234786
0.1,200000.0,1.0,1.0,5,3,186.09304652326162,198.09904952476236,0.05979760809567617,0.07819959081609457,ok,0.028246177167760848,12968.075825811999
0.1,200000.0,1.0,1.0,6,3,186.09304652326162,198.09904952476236,0.0537525354969574,0.0834731543624161,ok,0.052445488351410684,10182.953998846147
0.1,200000.0,1.0,1.0,7,3,186.09304652326162,198.09904952476236,0.056490384615384616,0.08291203235591507,ok,0.041260568112598026,12025.827027611509
0.1,200000.0,1.0,1.0,8,2,192.096048024012,198.09904952476236,0.0524822695035461,0.08824299554857293,ok,0.10048673979902686,11723.660930640102
0.1,200000.0,1.0,1.0,9,3,186.09304652326162,198.09904952476236,0.05679862306368331,0.08447789275634995,ok,0.03993942709871141,12002.900920604292
0.1,200000.0,1.0,1.0,10,3,186.09304652326162,198.09904952476236,0.05215260763038152,0.0794900047221785,ok,0.040294633388302206,11740.80992385965
0.1,200000.0,1.0,1.0,11,2,192.096048024012,198.09904952476236,0.06298683857104485,0.08129847744900891,ok,1.0,12411.943435425588
0.1,200000.0,1.0,1.0,12,3,186.09304652326162,198.09904952476236,0.05229659488702663,0.08091446185461083,ok,0.04155690361273141,11625.753500864492
0.1,200000.0,1.0,1.0,13,3,186.09304652326162,198.09904952476236,0.0545950864422202,0.08974358974358974,ok,0.04971002866437679,11860.812687531332
0.1,200000.0,1.0,1.0,14,2,192.096048024012,198.09904952476236,0.06309420916162489,0.08442825549629245,ok,0.05671571700954667,14453.770861677272
0.1,200000.0,1.0,1.0,15,2,192.096048024012,198.09904952476236,0.064965483234714,0.0778851620238772,ok,1.0,14082.00241717522
0.1,200000.0,1.0,1.0,16,2,192.096048024012,198.09904952476236,0.07668783815572806,0.08408457629896739,ok,0.01822703360904668,18121.39792347684
0.1,200000.0,1.0,1.0,17,2,192.096048024012,198.09904952476236,0.06674473067915691,0.08152319656744436,ok,0.9999999999999121,295.7032471455877
0.1,200000.0,1.0,1.0,18,2,192.096048024012,198.09904952476236,0.06824925816023739,0.08515332009706596,ok,0.04343777714207986,15814.60692617782
0.1,200000.0,1.0,1.0,19,2,192.096048024012,198.09904952476236,0.0701840490797546,0.08581279530072787,ok,0.039487896695196326,16346.49926100312
0.1,1000000.0,1.0,1.0,0,14,108.05402701350674,186.09304652326162,0.08241188666205944,0.5021139020144243,ok,0.08791825346407767,17229.52582280857
0.1,1000000.0,1.0,1.0,1,14,108.05402701350674,186.09304652326162,0.07448314924950439,0.4855091730922627,ok,0.09105677559551209,16592.31118175202
0.1,1000000.0,1.0,1.0,2,14,108.05402701350674,186.09304652326162,0.0689544063154503,0.5031927023945268,ok,0.999999999994631,159.69775609099557
0.1,1000000.0,1.0,1.0,3,14,108.05402701350674,186.09304652326162,0.06893803546523211,0.49926847110460865,ok,0.0899370084454639,16989.337267345076
0.1,1000000.0,1.0,1.0,4,14,108.05402701350674,186.09304652326162,0.0663265306122449,0.5112730585288089,ok,0.09017791972002828,16336.926946097903
0.1,1000000.0,1.0,1.0,5,14,108.05402701350674,186.09304652326162,0.07111853088480802,0.4955300127713921,ok,0.09046587259720942,16957.935084863864
0.1,1000000.0,1.0,1.0,6,14,108.05402701350674,186.09304652326162,0.07113583138173302,0.496735308890005,ok,0.08952678418993615,16497.417451695444
0.1,1000000.0,1.0,1.0,7,14,108.05402701350674,186.09304652326162,0.06657122405153901,0.49187161317215505,ok,0.09208309256288555,16234.704091176038
0.1,1000000.0,1.0,1.0,8,14,108.05402701350674,186.09304652326162,0.068688293370945,0.48734717088427637,ok,0.09121095508410275,16274.836060111076
0.1,1000000.0,1.0,1.0,9,14,108.05402701350674,186.09304652326162,0.07662835249042145,0.4900924702774108,ok,0.9999999565064023,81.9773426183841
0.1,1000000.0,1.0,1.0,10,14,108.05402701350674,186.09304652326162,0.06975683890577508,0.48702037439238804,ok,0.08912731985714828,16741.87666431434
0.1,1000000.0,1.0,1.0,11,14,102.05102551275637,180.09004502251125,0.05035685963521015,0.5071167141114274,ok,0.08710028360447644,10340.19225583239
0.1,1000000.0,1.0,1.0,12,14,108.05402701350674,186.09304652326162,0.07058381828421251,0.4961262553802009,ok,0.09029436615409368,16802.216891539247
0.1,1000000.0,1.0,1.0,13,14,108.05402701350674,186.09304652326162,0.0748868778280543,0.4969121140142518,ok,0.08866063146836134,17345.759015638203
0.1,1000000.0,1.0,1.0,14,14,108.05402701350674,186.09304652326162,0.07638229146874406,0.5014229570402493,ok,0.9999999999999998,154.1795470581924
0.1,1000000.0,1.0,1.0,15,14,108.05402701350674,186.09304652326162,0.073689109525287,0.4973054537615865,ok,0.09011513915705802,17346.856791825423
0.1,1000000.0,1.0,1.0,16,14,108.05402701350674,186.09304652326162,0.0661978290781226,0.4866481832773968,ok,1.0,13832.097648679728
0.1,1000000.0,1.0,1.0,17,14,108.05402701350674,186.09304652326162,0.0670908039329092,0.4992248062015504,ok,0.09108227123932115,16182.111788033739
0.1,1000000.0,1.0,1.0,18,14,108.05402701350674,186.09304652326162,0.07110021452650934,0.4999333954975356,ok,0.087131898802843,17265.5259519065
0.1,1000000.0,1.0,1.0,19,14,102.05102551275637,180.09004502251125,0.050030693677102514,0.5081481481481481,ok,0.0894650410589447,9883.425248650292
0.2,200000.0,1.0,1.0,0,14,96.048024012006,174.08704352176088,0.06467417932386085,0.5190745754368693,ok,0.09579079352235045,16273.034052774472
0.2,200000.0,1.0,1.0,1,14,96.048024012006,174.08704352176088,0.06556503198294243,0.5021507387319992,ok,0.9999999999999789,144.4451691987344
0.2,200000.0,1.0,1.0,2,14,96.048024012006,174.08704352176088,0.07901037509976057,0.5041676589664206,ok,0.09814866941599572,15658.351861866917
0.2,200000.0,1.0,1.0,3,14,96.048024012006,174.08704352176088,0.06970333420845366,0.5168228279386712,ok,0.09584854708738519,16278.809086117719
0.2,200000.0,1.0,1.0,4,14,96.048024012006,174.08704352176088,0.06354110693175712,0.5008675534991325,ok,1.0,196.0111465666289
0.2,200000.0,1.0,1.0,5,14,96.048024012006,174.08704352176088,0.061411315956770504,0.49878934624697335,ok,0.10425288458957162,14463.897178768377
0.2,200000.0,1.0,1.0,6,14,96.048024012006,174.08704352176088,0.06824408468244085,0.5004967709885743,ok,0.0990100698637005,15107.945619032065
0.2,200000.0,1.0,1.0,7,14,96.048024012006,174.08704352176088,0.061769375090200605,0.5077173030056864,ok,0.10306246350435791,14089.30832826367
0.2,200000.0,1.0,1.0,8,14,96.048024012006,174.08704352176088,0.06507449605609114,0.49551125102017024,ok,0.09947440913385014,15284.375609799878
0.2,200000.0,1.0,1.0,9,14,96.048024012006,174.08704352176088,0.06607105755246208,0.49236829148202854,ok,1.0,119.50558713816525
0.2,200000.0,1.0,1.0,10,14,96.048024012006,174.08704352176088,0.06493506493506493,0.5045135406218656,ok,0.09858129003674704,15088.147819274414
0.2,200000.0,1.0,1.0,11,14,96.048024012006,174.08704352176088,0.061577934573444515,0.5027334119412584,ok,0.10283740375976007,13981.876100298463
0.2,200000.0,1.0,1.0,12,14,96.048024012006,174.08704352176088,0.06780850765127053,0.49435665914221216,ok,0.09895631265906372,15019.043833443751
0.2,200000.0,1.0,1.0,13,14,96.048024012006,174.08704352176088,0.061986301369863016,0.5002438429651305,ok,0.09752165685597793,14648.307101433264
0.2,200000.0,1.0,1.0,14,14,96.048024012006,174.08704352176088,0.05829903978052126,0.5030698388334612,ok,0.9999999023642601,114.92984239409404
0.2,200000.0,1.0,1.0,15,14,96.048024012006,174.08704352176088,0.0688274547187798,0.5033929673041333,ok,0.10145024605498124,14628.894447891189
0.2,200000.0,1.0,1.0,16,14,96.048024012006,174.08704352176088,0.06348400203148806,0.4938894792773645,ok,0.10016990164467687,14906.969458522335
0.2,200000.0,1.0,1.0,17,14,96.048024012006,174.08704352176088,0.06955380577427822,0.4973242953977881,ok,0.09986669057203774,14889.410005946165
0.2,200000.0,1.0,1.0,18,14,96.048024012006,174.08704352176088,0.06189096655254148,0.49818840579710144,ok,0.10084312744555217,14410.004288823287
0.2,200000.0,1.0,1.0,19,14,96.048024012006,174.08704352176088,0.06555697823303457,0.49678800856531047,ok,0.09818801644829601,15242.048209114471
0.2,1000000.0,1.0,1.0,0,14,54.02701350675337,132.06603301650824,0.07235589406266228,0.505206525511975,ok,0.1783023279114012,17035.812075709608
0.2,1000000.0,1.0,1.0,1,14,54.02701350675337,132.06603301650824,0.07358330983930082,0.49376522860828437,ok,0.1829420835031269,16560.35403859751
0.2,1000000.0,1.0,1.0,2,14,54.02701350675337,132.06603301650824,0.07277329536465749,0.5030188028290495,ok,0.17731836937631784,16342.143535649273
0.2,1000000.0,1.0,1.0,3,14,54.02701350675337,132.06603301650824,0.06705045716220792,0.4878257887517147,ok,0.18570426042318244,15592.977551096275
0.2,1000000.0,1.0,1.0,4,14,54.02701350675337,132.06603301650824,0.07870837537840565,0.507447354904982,ok,1.0,16064.688023431814
0.2,1000000.0,1.0,1.0,5,14,54.02701350675337,132.06603301650824,0.06744141741284054,0.4912834135812718,ok,0.18838898518412853,15999.279762741931
0.2,1000000.0,1.0,1.0,6,14,54.02701350675337,132.06603301650824,0.07370886231973377,0.4951114587407118,ok,0.17459318070578544,17469.35940606327
0.2,1000000.0,1.0,1.0,7,14,54.02701350675337,132.06603301650824,0.07692307692307693,0.5051028179741051,ok,0.16704181667762416,19074.254691191778
0.2,1000000.0,1.0,1.0,8,14,54.02701350675337,132.06603301650824,0.0709289084106068,0.4899810964083176,ok,0.18201585904252476,15772.895015503771
0.2,1000000.0,1.0,1.0,9,14,54.02701350675337,132.06603301650824,0.08376963350785341,0.4903010033444816,ok,0.17738201606510415,17381.26733240037
0.2,1000000.0,1.0,1.0,10,14,54.02701350675337,132.06603301650824,0.0706754060986036,0.5020335536349771,ok,0.1785176954384768,16908.302359476547
0.2,1000000.0,1.0,1.0,11,14,54.02701350675337,132.06603301650824,0.07257762813318369,0.49803613511390415,ok,0.17508180836472975,17264.885603161663
0.2,1000000.0,1.0,1.0,12,14,54.02701350675337,132.06603301650824,0.0708130972896757,0.5025611838360843,ok,0.17706146150672808,16768.084558525134
0.2,1000000.0,1.0,1.0,13,14,54.02701350675337,132.06603301650824,0.07067812798471824,0.5018107741059303,ok,0.17840953444605628,16536.676599229027
0.2,1000000.0,1.0,1.0,14,14,54.02701350675337,132.06603301650824,0.07339285714285715,0.5023375785910044,ok,0.1767461757665775,17009.104734509743
0.2,1000000.0,1.0,1.0,15,14,54.02701350675337,132.06603301650824,0.07317715188207423,0.510507880910683,ok,0.17888353853088612,17388.923592219286
0.2,1000000.0,1.0,1.0,16,14,54.02701350675337,132.06603301650824,0.07153376814643383,0.48468883766875204,ok,0.18109040272978527,16963.125570642766
0.2,1000000.0,1.0,1.0,17,14,54.02701350675337,132.06603301650824,0.0695730068677217,0.4980886850152905,ok,0.1804098713540338,15810.207775416982
0.2,1000000.0,1.0,1.0,18,14,54.02701350675337,132.06603301650824,0.07142857142857142,0.5059584610146408,ok,1.0,399.25861957316215
0.2,1000000.0,1.0,1.0,19,14,54.02701350675337,132.06603301650824,0.07452515586486878,0.4908015768725361,ok,0.1835644270862805,17127.13045363272
0.30000000000000004,200000.0,1.0,1.0,0,14,66.03301650825412,144.072036018009,0.0840064620355412,0.49865951742627346,ok,0.14510016181525512,20226.67046576147
0.30000000000000004,200000.0,1.0,1.0,1,14,66.03301650825412,144.072036018009,0.07966457023060797,0.4999073215940686,ok,0.1419326628837066,21517.503716816977
0.30000000000000004,200000.0,1.0,1.0,2,14,66.03301650825412,144.072036018009,0.07696409527195165,0.4962971402529338,ok,0.15309023231267457,19138.70002597041
0.30000000000000004,200000.0,1.0,1.0,3,14,66.03301650825412,144.072036018009,0.0784474287585981,0.5075292805354155,ok,0.1507332605607738,19496.12109024785
0.30000000000000004,200000.0,1.0,1.0,4,14,66.03301650825412,144.072036018009,0.08570443179858596,0.5055664702030125,ok,0.1530657240891812,19632.485682478007
0.30000000000000004,200000.0,1.0,1.0,5,14,66.03301650825412,144.072036018009,0.08490566037735849,0.5054563492063492,ok,0.14437532678495896,21850.51701366568
0.30000000000000004,200000.0,1.0,1.0,6,14,66.03301650825412,144.072036018009,0.0819000819000819,0.4955941890926411,ok,0.9999999999970153,594.3532623766665
0.30000000000000004,200000.0,1.0,1.0,7,14,66.03301650825412,144.072036018009,0.08797703478554543,0.5059899117276166,ok,0.1423444533305672,21624.602788125863
0.30000000000000004,200000.0,1.0,1.0,8,14,66.03301650825412,144.072036018009,0.0783872901678657,0.4946831755280408,ok,0.15681364496281625,18669.727743124608
0.30000000000000004,200000.0,1.0,1.0,9,14,66.03301650825412,144.072036018009,0.08522238163558106,0.49135925556663346,ok,0.15155242555052223,19725.46586732359
0.30000000000000004,200000.0,1.0,1.0,10,14,66.03301650825412,144.072036018009,0.08885941644562334,0.49655837004405284,ok,0.14154930248216283,21722.929129554585
0.30000000000000004,200000.0,1.0,1.0,11,14,66.03301650825412,144.072036018009,0.08460861917326297,0.4943612186500589,ok,0.147788584633453,20387.873673491984
0.30000000000000004,200000.0,1.0,1.0,12,14,66.03301650825412,144.072036018009,0.08682634730538923,0.49539282250242483,ok,0.14862895330437886,20792.393445132046
0.30000000000000004,200000.0,1.0,1.0,13,14,66.03301650825412,144.072036018009,0.08664140998188108,0.49782713664896183,ok,1.0,18591.1311874236
0.30000000000000004,200000.0,1.0,1.0,14,14,66.03301650825412,144.072036018009,0.08731529456918058,0.5107752956636005,ok,0.14897643776133485,20697.362915659516
0.30000000000000004,200000.0,1.0,1.0,15,14,66.03301650825412,144.072036018009,0.08604815864022664,0.5011843663639952,ok,0.14655837020837992,21344.05818368206
0.30000000000000004,200000.0,1.0,1.0,16,14,66.03301650825412,144.072036018009,0.08747663551401869,0.49397824397824397,ok,0.1456725508323955,20579.67130248779
0.30000000000000004,200000.0,1.0,1.0,17,14,66.03301650825412,144.072036018009,0.07809822958309537,0.5064412238325282,ok,0.15960070889471747,18538.830154569023
0.30000000000000004,200000.0,1.0,1.0,18,14,66.03301650825412,144.072036018009,0.08700764256319812,0.4949731903485255,ok,0.15464563287125477,20509.575599705495
0.30000000000000004,200000.0,1.0,1.0,19,14,66.03301650825412,144.072036018009,0.0827757392618174,0.4998624105668685,ok,0.15138130321191137,20313.20043205404
0.30000000000000004,1000000.0,1.0,1.0,0,14,36.01800900450225,114.05702851425713,0.07194767441860465,0.5006892326543115,ok,0.9999999997958215,348.3393322872021
0.30000000000000004,1000000.0,1.0,1.0,1,14,36.01800900450225,114.05702851425713,0.07082995404163288,0.4964985994397759,ok,1.0,15490.29557853291
0.30000000000000004,1000000.0,1.0,1.0,2,14,36.01800900450225,114.05702851425713,0.07439271255060728,0.496805520061334,ok,0.26999592154145147,17204.85146459644
0.30000000000000004,1000000.0,1.0,1.0,3,14,36.01800900450225,114.05702851425713,0.06702282661486159,0.49955343852337003,ok,1.0,14285.396363271515
0.30000000000000004,1000000.0,1.0,1.0,4,14,36.01800900450225,114.05702851425713,0.07839388145315487,0.4920552677029361,ok,0.2625085343945116,17969.679892688953
0.30000000000000004,1000000.0,1.0,1.0,5,14,36.01800900450225,114.05702851425713,0.07092684598252527,0.5074478649453823,ok,0.2703112725276567,16640.76706934945
0.30000000000000004,1000000.0,1.0,1.0,6,14,36.01800900450225,114.05702851425713,0.07185305240410589,0.5020275750202757,ok,0.27654036845614294,16631.247903098672
0.30000000000000004,1000000.0,1.0,1.0,7,14,36.01800900450225,114.05702851425713,0.0750120987256009,0.4948043334070307,ok,1.0,15658.21530170548
0.30000000000000004,1000000.0,1.0,1.0,8,14,36.01800900450225,114.05702851425713,0.07087411407357408,0.5113207547169811,ok,0.2643722114879556,16704.94756286218
0.30000000000000004,1000000.0,1.0,1.0,9,14,36.01800900450225,114.05702851425713,0.07009104964782684,0.488749425991122,ok,0.2728710535660443,16517.232349292302
0.30000000000000004,1000000.0,1.0,1.0,10,14,36.01800900450225,114.05702851425713,0.07780212899185973,0.49810082872928174,ok,0.26595701054387905,17456.076241880124
0.30000000000000004,1000000.0,1.0,1.0,11,14,36.01800900450225,114.05702851425713,0.0616822429906542,0.5021201413427562,ok,0.9999995006185314,233.20321213397807
0.30000000000000004,1000000.0,1.0,1.0,12,14,36.01800900450225,114.05702851425713,0.07202145319882518,0.49821861194242556,ok,0.27103427171793165,16943.45482370684
0.30000000000000004,1000000.0,1.0,1.0,13,14,36.01800900450225,114.05702851425713,0.0718132854578097,0.5017887403502165,ok,1.0,15088.987678348263
0.30000000000000004,1000000.0,1.0,1.0,14,14,36.01800900450225,114.05702851425713,0.07206238236084969,0.5031715826197273,ok,0.2641452165317935,17184.23001622936
0.30000000000000004,1000000.0,1.0,1.0,15,14,36.01800900450225,114.05702851425713,0.07860615883306321,0.4929618768328446,ok,0.9999999812340913,288.48586686823046
0.30000000000000004,1000000.0,1.0,1.0,16,14,36.01800900450225,114.05702851425713,0.07066508313539192,0.49983851867800627,ok,0.9999999997396511,242.61555293772224
0.30000000000000004,1000000.0,1.0,1.0,17,14,36.01800900450225,114.05702851425713,0.07282693813625685,0.5169886742171885,ok,1.0,15927.018804000401
0.30000000000000004,1000000.0,1.0,1.0,18,14,36.01800900450225,114.05702851425713,0.06866825208085613,0.4982656954561221,ok,0.2855740674537148,15492.158784010031
0.30000000000000004,1000000.0,1.0,1.0,19,14,36.01800900450225,114.05702851425713,0.07452830188679245,0.52,ok,0.9999999999999885,411.87723983834513
0.4,200000.0,1.0,1.0,0,14,48.024012006003,126.06303151575787,0.05943840951014552,0.5042826552462527,ok,0.20472486173888063,14072.264518820568
0.4,200000.0,1.0,1.0,1,14,48.024012006003,126.06303151575787,0.06774193548387097,0.5014147130153598,ok,0.19729517166064187,15590.439383778457
0.4,200000.0,1.0,1.0,2,14,48.024012006003,126.06303151575787,0.06560347952156578,0.4976627712854758,ok,0.19957492466768462,15308.876677746157
0.4,200000.0,1.0,1.0,3,14,48.024012006003,126.06303151575787,0.06253489670575098,0.4934928631402183,ok,0.20240744651051937,15467.53994520803
0.4,200000.0,1.0,1.0,4,14,48.024012006003,126.06303151575787,0.058101768314687836,0.5026305139619587,ok,0.21389917796185676,14095.707176025368
0.4,200000.0,1.0,1.0,5,14,48.024012006003,126.06303151575787,0.06871074990764685,0.5040861072353996,ok,0.20979670049392282,14559.504289331577
0.4,200000.0,1.0,1.0,6,14,48.024012006003,126.06303151575787,0.06422546012269939,0.4901863354037267,ok,0.19830108281229292,14813.055640272982
0.4,200000.0,1.0,1.0,7,14,48.024012006003,126.06303151575787,0.06565424144807486,0.5067942583732058,ok,0.2016350091797503,15050.405699227944
0.4,200000.0,1.0,1.0,8,14,48.024012006003,126.06303151575787,0.05808887598024978,0.4937252311756935,ok,0.20137035067646988,14028.582117665974
0.4,200000.0,1.0,1.0,9,14,48.024012006003,126.06303151575787,0.06618240516545601,0.503370786516854,ok,0.19625307401581948,15380.713004633035
0.4,200000.0,1.0,1.0,10,14,48.024012006003,126.06303151575787,0.06780040277466995,0.5071269487750557,ok,0.1974829996789627,15365.012938359969
0.4,200000.0,1.0,1.0,11,14,48.024012006003,126.06303151575787,0.061903246339910886,0.5184510250569476,ok,0.1964177856381297,14982.14127098115
0.4,200000.0,1.0,1.0,12,14,48.024012006003,126.06303151575787,0.06152497808939527,0.49603677869372226,ok,0.201670886135393,14546.584834258756
0.4,200000.0,1.0,1.0,13,14,48.024012006003,126.06303151575787,0.06703524533517623,0.4977666607110952,ok,0.1984494050613081,15449.85361334996
0.4,200000.0,1.0,1.0,14,14,48.024012006003,126.06303151575787,0.060365135453474675,0.5074476142388286,ok,0.18997587520465925,14778.759776820014
0.4,200000.0,1.0,1.0,15,14,48.024012006003,126.06303151575787,0.06410489892551448,0.5025333083130044,ok,0.1991306137556927,15013.563743084089
0.4,200000.0,1.0,1.0,16,14,48.024012006003,126.06303151575787,0.06378846728413505,0.5122425184609405,ok,0.19573325216657128,15260.181578333
0.4,200000.0,1.0,1.0,17,14,48.024012006003,126.06303151575787,0.06344628695025234,0.5003675930010293,ok,0.20376474142383863,14529.923096292623
0.4,200000.0,1.0,1.0,18,14,48.024012006003,126.06303151575787,0.07465382299819386,0.505978817902289,ok,0.19024509858582875,17344.467465160124
0.4,200000.0,1.0,1.0,19,14,48.024012006003,126.06303151575787,0.06684350132625995,0.4973340687626402,ok,0.1982182044909176,15334.189544258788
0.4,1000000.0,1.0,1.0,0,14,30.015007503751875,108.05402701350674,0.1669345579793341,0.506280843427546,ok,1.0,49704.78615275778
0.4,1000000.0,1.0,1.0,1,14,30.015007503751875,108.05402701350674,0.16477530640036314,0.5118858954041204,ok,1.0,49122.61816084722
0.4,1000000.0,1.0,1.0,2,14,30.015007503751875,108.05402701350674,0.17089018843404807,0.4968579807289485,ok,1.0,50337.289025188846
0.4,1000000.0,1.0,1.0,3,14,30.015007503751875,108.05402701350674,0.17026834481120873,0.5041079812206573,ok,1.0,51096.34537484232
0.4,1000000.0,1.0,1.0,4,14,30.015007503751875,108.05402701350674,0.16836354606406753,0.4952458021444467,ok,1.0,49930.72660095685
0.4,1000000.0,1.0,1.0,5,14,30.015007503751875,108.05402701350674,0.16474066111260413,0.5038409399005874,ok,1.0,48788.85648781715
0.4,1000000.0,1.0,1.0,6,14,30.015007503751875,108.05402701350674,0.16580418132891742,0.49366463715649167,ok,1.0,48296.172197058884
0.4,1000000.0,1.0,1.0,7,14,30.015007503751875,108.05402701350674,0.15631868131868132,0.5090840272520818,ok,0.38826662431800635,45665.626503895845
0.4,1000000.0,1.0,1.0,8,14,30.015007503751875,108.05402701350674,0.18285714285714286,0.4854832782065417,ok,0.3483007044957243,55377.8690524332
0.4,1000000.0,1.0,1.0,9,14,30.015007503751875,108.05402701350674,0.1696700859439978,0.5089142735133981,ok,1.0,51092.74059507532
0.4,1000000.0,1.0,1.0,10,14,30.015007503751875,108.05402701350674,0.16170740347148424,0.49244444444444446,ok,1.0,46531.413302774265
0.4,1000000.0,1.0,1.0,11,14,30.015007503751875,108.05402701350674,0.1634795650543682,0.505254424778761,ok,1.0,46748.49835703538
0.4,1000000.0,1.0,1.0,12,14,30.015007503751875,108.05402701350674,0.16256639642158233,0.498539435248296,ok,1.0,47920.16611064391
0.4,1000000.0,1.0,1.0,13,14,30.015007503751875,108.05402701350674,0.1653367971794396,0.5083150984682714,ok,0.3338849644510881,49440.97704240705
0.4,1000000.0,1.0,1.0,14,14,30.015007503751875,108.05402701350674,0.16304646686829805,0.4992636229749632,ok,1.0,47550.76985799597
0.4,1000000.0,1.0,1.0,15,14,30.015007503751875,108.05402701350674,0.1621457796635854,0.49927461139896373,ok,1.0,47687.36396256712
0.4,1000000.0,1.0,1.0,16,14,30.015007503751875,108.05402701350674,0.16401734104046242,0.5115702479338843,ok,1.0,47008.920763444075
0.4,1000000.0,1.0,1.0,17,14,30.015007503751875,108.05402701350674,0.15922945623018775,0.48902346707040123,ok,1.0,45812.79918166044
0.4,1000000.0,1.0,1.0,18,14,30.015007503751875,108.05402701350674,0.17357683448502798,0.49848392965433597,ok,1.0,52622.201500377945
0.4,1000000.0,1.0,1.0,19,14,30.015007503751875,108.05402701350674,0.1683748169838946,0.5023890784982935,ok,0.34843926943453524,50928.2754373497
0.5,200000.0,1.0,1.0,0,14,42.021010505252626,120.0600300150075,0.1375027239049902,0.4993871476098757,ok,1.0,35772.16821917218
0.5,200000.0,1.0,1.0,1,14,42.021010505252626,120.0600300150075,0.13136011275546158,0.4995669120831529,ok,1.0,34488.58692204311
0.5,200000.0,1.0,1.0,2,14,42.021010505252626,120.0600300150075,0.13370113863129476,0.5005919494869772,ok,1.0,35868.69427299925
0.5,200000.0,1.0,1.0,3,14,42.021010505252626,120.0600300150075,0.12600246761258482,0.511291348600509,ok,0.2513574606284718,34038.52063100219
0.5,200000.0,1.0,1.0,4,14,42.021010505252626,120.0600300150075,0.1275,0.48884470952065384,ok,0.25466035892847605,34521.699876518
0.5,200000.0,1.0,1.0,5,14,42.021010505252626,120.0600300150075,0.12855254461335097,0.5035971223021583,ok,1.0,33653.13244387094
0.5,200000.0,1.0,1.0,6,14,42.021010505252626,120.0600300150075,0.12264150943396226,0.5123321123321123,ok,0.2567152659917926,35709.20810537025
0.5,200000.0,1.0,1.0,7,14,42.021010505252626,120.0600300150075,0.13555513948698747,0.4967462039045553,ok,0.2600099010732777,37293.26791518342
0.5,200000.0,1.0,1.0,8,14,42.021010505252626,120.0600300150075,0.1377551020408163,0.5072908672294705,ok,1.0,36729.35453937142
0.5,200000.0,1.0,1.0,9,14,42.021010505252626,120.0600300150075,0.1259178678270329,0.49329123914759276,ok,0.2579163930567446,34280.459050057325
0.5,200000.0,1.0,1.0,10,14,42.021010505252626,120.0600300150075,0.12594784538561124,0.48065173116089616,ok,1.0,33074.39148123659
0.5,200000.0,1.0,1.0,11,14,42.021010505252626,120.0600300150075,0.13720686034301716,0.504528191644756,ok,1.0,36894.659579792984
0.5,200000.0,1.0,1.0,12,14,42.021010505252626,120.0600300150075,0.13680318543799772,0.509771986970684,ok,0.24567609137862761,36075.72035845273
0.5,200000.0,1.0,1.0,13,14,42.021010505252626,120.0600300150075,0.1338144068869477,0.5282651072124757,ok,1.0,35490.683559202014
0.5,200000.0,1.0,1.0,14,14,42.021010505252626,120.0600300150075,0.12882787750791974,0.5,ok,0.26272124970783395,34557.77478473252
0.5,200000.0,1.0,1.0,15,14,42.021010505252626,120.0600300150075,0.13541309564621187,0.5048128342245989,ok,0.23465863608576004,37239.57386536614
0.5,200000.0,1.0,1.0,16,14,42.021010505252626,120.0600300150075,0.1305816686251469,0.5141444114737883,ok,0.260061626656733,35296.42494687396
0.5,200000.0,1.0,1.0,17,14,42.021010505252626,120.0600300150075,0.13126843657817108,0.48238057948316365,ok,1.0,34756.74596479965
0.5,200000.0,1.0,1.0,18,14,42.021010505252626,120.0600300150075,0.13333333333333333,0.49710837314558715,ok,1.0,35466.685786590155
0.5,200000.0,1.0,1.0,19,14,42.021010505252626,120.0600300150075,0.14513661202185793,0.48675616835994195,ok,0.24493046437906935,40458.92601945456
0.5,1000000.0,1.0,1.0,0,14,24.0120060030015,102.05102551275637,0.16764557811713374,0.4901039919490104,ok,1.0,50174.0909702037
0.5,1000000.0,1.0,1.0,1,14,24.0120060030015,102.05102551275637,0.1566542109801667,0.5031937544357701,ok,1.0,44539.19591339605
0.5,1000000.0,1.0,1.0,2,14,24.0120060030015,102.05102551275637,0.1690468282962471,0.5028169014084507,ok,1.0,50881.600588896246
0.5,1000000.0,1.0,1.0,3,14,24.0120060030015,102.05102551275637,0.15650525087514586,0.50515329419439,ok,1.0,45138.48590036159
0.5,1000000.0,1.0,1.0,4,14,24.0120060030015,102.05102551275637,0.16491794457896153,0.5019420903954802,ok,1.0,49298.75406761977
0.5,1000000.0,1.0,1.0,5,14,24.0120060030015,102.05102551275637,0.1637754150345085,0.5047449584816133,ok,1.0,48530.377582229856
0.5,1000000.0,1.0,1.0,6,14,24.0120060030015,102.05102551275637,0.17173524150268335,0.4978138663335415,ok,1.0,49910.51702603385
0.5,1000000.0,1.0,1.0,7,14,24.0120060030015,102.05102551275637,0.16573955213236344,0.4944498539435248,ok,1.0,49265.8870152118
0.5,1000000.0,1.0,1.0,8,14,24.0120060030015,102.05102551275637,0.1682935038707506,0.5043415340086831,ok,1.0,50181.69732795987
0.5,1000000.0,1.0,1.0,9,14,24.0120060030015,102.05102551275637,0.1680952380952381,0.49285459092533046,ok,1.0,50211.37831457512
0.5,1000000.0,1.0,1.0,10,14,24.0120060030015,102.05102551275637,0.16389913899138991,0.5094398993077407,ok,1.0,48676.33548618373
0.5,1000000.0,1.0,1.0,11,14,24.0120060030015,102.05102551275637,0.16822770952438876,0.498324557204404,ok,1.0,50408.229782926835
0.5,1000000.0,1.0,1.0,12,14,24.0120060030015,102.05102551275637,0.16772226131832044,0.5009993337774816,ok,1.0,50147.96339914221
0.5,1000000.0,1.0,1.0,13,14,24.0120060030015,102.05102551275637,0.1570127504553734,0.49501359927470534,ok,1.0,45550.824269468205
0.5,1000000.0,1.0,1.0,14,14,24.0120060030015,102.05102551275637,0.15484569572279372,0.4960108384765919,ok,1.0,44759.199237487126
0.5,1000000.0,1.0,1.0,15,14,24.0120060030015,102.05102551275637,0.1612503868771278,0.4986887230179544,ok,1.0,47237.042726757696
0.5,1000000.0,1.0,1.0,16,14,24.0120060030015,102.05102551275637,0.13358419567262464,0.4970845481049563,ok,1.0,34240.51559780693
0.5,1000000.0,1.0,1.0,17,14,24.0120060030015,102.05102551275637,0.16303099885189437,0.48863636363636365,ok,0.42514404548628804,48237.15318161883
0.5,1000000.0,1.0,1.0,18,14,24.0120060030015,102.05102551275637,0.16666666666666666,0.4999060327006202,ok,1.0,49705.13870193712
0.5,1000000.0,1.0,1.0,19,14,24.0120060030015,102.05102551275637,0.16470588235294117,0.49191685912240185,ok,1.0,48873.943136936985
0.6,200000.0,1.0,1.0,0,14,36.01800900450225,114.05702851425713,0.17063770147161877,0.49940908323484723,ok,1.0,51546.3796083083
0.6,200000.0,1.0,1.0,1,14,36.01800900450225,114.05702851425713,0.16549768691240113,0.49039460020768433,ok,1.0,49377.800506849046
0.6,200000.0,1.0,1.0,2,14,36.01800900450225,114.05702851425713,0.16828478964401294,0.48816435908887895,ok,1.0,47593.88941780383
0.6,200000.0,1.0,1.0,3,14,36.01800900450225,114.05702851425713,0.15864022662889518,0.4960091220068415,ok,1.0,45094.81479724934
0.6,200000.0,1.0,1.0,4,14,36.01800900450225,114.05702851425713,0.17611580217129072,0.4901357929797592,ok,0.2753181161261624,54709.29052758021
0.6,200000.0,1.0,1.0,5,14,36.01800900450225,114.05702851425713,0.1642527978933509,0.4978131212723658,ok,1.0,48676.664723597605
0.6,200000.0,1.0,1.0,6,14,36.01800900450225,114.05702851425713,0.1639060092449923,0.5038639876352395,ok,1.0,47893.154907712385
0.6,200000.0,1.0,1.0,7,14,36.01800900450225,114.05702851425713,0.16785117056856189,0.4952294411631077,ok,1.0,49806.78056137994
0.6,200000.0,1.0,1.0,8,14,36.01800900450225,114.05702851425713,0.15743183817062445,0.5070703047201752,ok,0.31420747921515596,46331.5256877009
0.6,200000.0,1.0,1.0,9,14,36.01800900450225,114.05702851425713,0.16753484443193017,0.5061622241329894,ok,1.0,49842.75216986044
0.6,200000.0,1.0,1.0,10,14,36.01800900450225,114.05702851425713,0.1638588046530285,0.5056114551083591,ok,1.0,47087.236454483944
0.6,200000.0,1.0,1.0,11,14,36.01800900450225,114.05702851425713,0.15747126436781608,0.49704995411039726,ok,1.0,45330.74434072456
0.6,200000.0,1.0,1.0,12,14,36.01800900450225,114.05702851425713,0.17360208062418725,0.5141737032569361,ok,1.0,51408.15640540081
0.6,200000.0,1.0,1.0,13,14,36.01800900450225,114.05702851425713,0.16542948038176034,0.49181703734788085,ok,1.0,49164.7700229424
0.6,200000.0,1.0,1.0,14,14,36.01800900450225,114.05702851425713,0.16561780506523407,0.5089128797388903,ok,1.0,49149.80418635888
0.6,200000.0,1.0,1.0,15,14,36.01800900450225,114.05702851425713,0.15853658536585366,0.5054629097182288,ok,1.0,45701.19133936147
0.6,200000.0,1.0,1.0,16,14,36.01800900450225,114.05702851425713,0.16684636118598384,0.5051963048498845,ok,1.0,48704.80288354704
0.6,200000.0,1.0,1.0,17,14,36.01800900450225,114.05702851425713,0.16481268380002556,0.4982231698649609,ok,0.29775114001954206,49200.68823362502
0.6,200000.0,1.0,1.0,18,14,36.01800900450225,114.05702851425713,0.1603942652329749,0.49889786921381335,ok,1.0,46582.00432192286
0.6,200000.0,1.0,1.0,19,14,36.01800900450225,114.05702851425713,0.16839893852277754,0.4909090909090909,ok,1.0,50504.52581648947
0.6,1000000.0,1.0,1.0,0,14,18.009004502251123,96.048024012006,0.07232796486090776,0.5105425920719707,ok,1.0,16116.089741453237
0.6,1000000.0,1.0,1.0,1,14,18.009004502251123,96.048024012006,0.07054241200230814,0.4910967741935484,ok,1.0,15826.435421589442
0.6,1000000.0,1.0,1.0,2,14,18.009004502251123,96.048024012006,0.06711915535444947,0.5062182518829917,ok,1.0,14255.185764371468
0.6,1000000.0,1.0,1.0,3,14,18.009004502251123,96.048024012006,0.07379375591296121,0.5,ok,1.0,16472.820137334445
0.6,1000000.0,1.0,1.0,4,14,18.009004502251123,96.048024012006,0.07638279192273925,0.4995411440807586,ok,1.0,17380.338302360404
0.6,1000000.0,1.0,1.0,5,14,18.009004502251123,96.048024012006,0.07228915662650602,0.5001818181818182,ok,1.0,15994.174656877258
0.6,1000000.0,1.0,1.0,6,14,18.009004502251123,96.048024012006,0.06731352334748332,0.49875807252856436,ok,1.0,14532.398587857704
0.6,1000000.0,1.0,1.0,7,14,18.009004502251123,96.048024012006,0.07562438956327612,0.5137132534077845,ok,0.5353694613868228,17816.455696246958
0.6,1000000.0,1.0,1.0,8,14,18.009004502251123,96.048024012006,0.07317468026550106,0.5038860103626943,ok,1.0,16334.143422131705
0.6,1000000.0,1.0,1.0,9,14,18.009004502251123,96.048024012006,0.07627680742869777,0.5095541401273885,ok,0.5458553098995974,18024.30428471213
0.6,1000000.0,1.0,1.0,10,14,18.009004502251123,96.048024012006,0.07189973614775726,0.5086964653076491,ok,1.0,16199.438007504641
0.6,1000000.0,1.0,1.0,11,14,18.009004502251123,96.048024012006,0.06264053967234179,0.5014530190506942,ok,1.0,13893.668626523468
0.6,1000000.0,1.0,1.0,12,14,18.009004502251123,96.048024012006,0.07093023255813953,0.487280701754386,ok,1.0,15686.387459578471
0.6,1000000.0,1.0,1.0,13,14,18.009004502251123,96.048024012006,0.06812571992759585,0.5103412616339194,ok,1.0,15069.767179420112
0.6,1000000.0,1.0,1.0,14,14,18.009004502251123,96.048024012006,0.0727683223341438,0.5148936170212766,ok,1.0,16214.3180887636
0.6,1000000.0,1.0,1.0,15,14,18.009004502251123,96.048024012006,0.07033639143730887,0.499859392575928,ok,1.0,14903.8491758698
0.6,1000000.0,1.0,1.0,16,14,18.009004502251123,96.048024012006,0.0722057368941642,0.49510603588907015,ok,0.5131863235281771,17022.589491123308
0.6,1000000.0,1.0,1.0,17,14,18.009004502251123,96.048024012006,0.06726457399103139,0.4839797639123103,ok,1.0,14419.403795743645
0.6,1000000.0,1.0,1.0,18,14,18.009004502251123,96.048024012006,0.07421451787648971,0.5038998730273898,ok,1.0,16895.004546780416
0.6,1000000.0,1.0,1.0,19,14,18.009004502251123,96.048024012006,0.06563278870119081,0.507800550627103,ok,1.0,13887.422601900866
0.7000000000000001,200000.0,1.0,1.0,0,14,30.015007503751875,108.05402701350674,0.1293422025129342,0.4885352498288843,ok,1.0,33802.11748781308
0.7000000000000001,200000.0,1.0,1.0,1,14,30.015007503751875,108.05402701350674,0.13247974915077085,0.508739406779661,ok,1.0,35040.05090604396
0.7000000000000001,200000.0,1.0,1.0,2,14,30.015007503751875,108.05402701350674,0.12846715328467154,0.4873477038425492,ok,1.0,33513.83886720957
0.7000000000000001,200000.0,1.0,1.0,3,14,30.015007503751875,108.05402701350674,0.13868084078279777,0.5084644194756555,ok,1.0,38408.78802809411
0.7000000000000001,200000.0,1.0,1.0,4,14,30.015007503751875,108.05402701350674,0.13082853995838942,0.5112606025153553,ok,1.0,35009.38025651534
0.7000000000000001,200000.0,1.0,1.0,5,14,30.015007503751875,108.05402701350674,0.13525266156845103,0.5073568050446663,ok,0.3524913108388283,36982.52767205798
0.7000000000000001,200000.0,1.0,1.0,6,14,30.015007503751875,108.05402701350674,0.12926309378806333,0.5001623903864891,ok,1.0,34181.21372955409
0.7000000000000001,200000.0,1.0,1.0,7,14,30.015007503751875,108.05402701350674,0.13246497911034652,0.505938242280285,ok,1.0,35296.16978863259
0.7000000000000001,200000.0,1.0,1.0,8,14,30.015007503751875,108.05402701350674,0.13699825479930192,0.49624060150375937,ok,1.0,36782.533240431745
0.7000000000000001,200000.0,1.0,1.0,9,14,30.015007503751875,108.05402701350674,0.13991031390134528,0.4964748109216767,ok,1.0,38256.23020956508
0.7000000000000001,200000.0,1.0,1.0,10,14,30.015007503751875,108.05402701350674,0.1401410610242257,0.5060207991242474,ok,1.0,37829.02990225224
0.7000000000000001,200000.0,1.0,1.0,11,14,30.015007503751875,108.05402701350674,0.12952287501533177,0.4941162486627838,ok,1.0,34793.47869035757
0.7000000000000001,200000.0,1.0,1.0,12,14,30.015007503751875,108.05402701350674,0.13187279151943462,0.498681608437706,ok,1.0,35046.58047933861
0.7000000000000001,200000.0,1.0,1.0,13,14,30.015007503751875,108.05402701350674,0.1391827800072966,0.500226483466707,ok,0.3541104078226597,38756.67483961481
0.7000000000000001,200000.0,1.0,1.0,14,14,30.015007503751875,108.05402701350674,0.12372469635627531,0.5005187490736623,ok,1.0,32186.64325618168
0.7000000000000001,200000.0,1.0,1.0,15,14,30.015007503751875,108.05402701350674,0.13668744434550312,0.5001909125620466,ok,1.0,36942.472706255634
0.7000000000000001,200000.0,1.0,1.0,16,14,30.015007503751875,108.05402701350674,0.13634505314799672,0.501380613282953,ok,1.0,36965.05145722695
0.7000000000000001,200000.0,1.0,1.0,17,14,30.015007503751875,108.05402701350674,0.13385269121813032,0.5056809338521401,ok,0.32636169592296466,36300.98068930776
0.7000000000000001,200000.0,1.0,1.0,18,14,30.015007503751875,108.05402701350674,0.1345139412207988,0.4899294198657256,ok,1.0,35890.40832006033
0.7000000000000001,200000.0,1.0,1.0,19,14,30.015007503751875,108.05402701350674,0.1421188630490956,0.5086206896551724,ok,1.0,37448.46565362072
0.7000000000000001,1000000.0,1.0,1.0,0,14,18.009004502251123,96.048024012006,0.2264061761462108,0.499801508535133,ok,1.0,82803.15836556657
0.7000000000000001,1000000.0,1.0,1.0,1,14,18.009004502251123,96.048024012006,0.22,0.49764150943396224,ok,1.0,57944.861954615386
0.7000000000000001,1000000.0,1.0,1.0,2,14,18.009004502251123,96.048024012006,0.22605210420841684,0.49935845095065906,ok,1.0,82212.80499870221
0.7000000000000001,1000000.0,1.0,1.0,3,14,18.009004502251123,96.048024012006,0.22535211267605634,0.49219982471516216,ok,1.0,81971.35800444242
0.7000000000000001,1000000.0,1.0,1.0,4,14,18.009004502251123,96.048024012006,0.2221376949410422,0.4989440337909187,ok,1.0,79920.98441598988
0.7000000000000001,1000000.0,1.0,1.0,5,14,18.009004502251123,96.048024012006,0.22380952380952382,0.4721141374837873,ok,1.0,80698.67732719703
0.7000000000000001,1000000.0,1.0,1.0,6,14,18.009004502251123,96.048024012006,0.22382283379918297,0.4894144144144144,ok,1.0,80927.31115206254
0.7000000000000001,1000000.0,1.0,1.0,7,14,18.009004502251123,96.048024012006,0.22468232576049288,0.4957865168539326,ok,1.0,81026.19621388723
0.7000000000000001,1000000.0,1.0,1.0,8,14,18.009004502251123,96.048024012006,0.23510011778563014,0.49576127500847744,ok,1.0,88886.28810787763
0.7000000000000001,1000000.0,1.0,1.0,9,14,18.009004502251123,96.048024012006,0.22782174094127447,0.49933085501858737,ok,1.0,83533.56425156469
0.7000000000000001,1000000.0,1.0,1.0,10,14,18.009004502251123,96.048024012006,0.22809963616008955,0.4935409075852931,ok,1.0,84188.64957043511
0.7000000000000001,1000000.0,1.0,1.0,11,14,18.009004502251123,96.048024012006,0.22601936051628044,0.48986175115207375,ok,1.0,82372.66001884286
0.7000000000000001,1000000.0,1.0,1.0,12,14,18.009004502251123,96.048024012006,0.22373417721518987,0.4898630136986301,ok,1.0,80863.26925820204
0.7000000000000001,1000000.0,1.0,1.0,13,14,18.009004502251123,96.048024012006,0.2217565915837262,0.49808506349526305,ok,1.0,79493.71971649119
0.7000000000000001,1000000.0,1.0,1.0,14,14,18.009004502251123,96.048024012006,0.23389134554643082,0.4930379746835443,ok,1.0,87923.75431690367
0.7000000000000001,1000000.0,1.0,1.0,15,14,18.009004502251123,96.048024012006,0.23691226369365,0.5005015045135406,ok,1.0,90446.31669058776
0.7000000000000001,1000000.0,1.0,1.0,16,14,18.009004502251123,96.048024012006,0.24102564102564103,0.49079959852793575,ok,1.0,93064.0270693084
0.7000000000000001,1000000.0,1.0,1.0,17,14,18.009004502251123,96.048024012006,0.24375167965600644,0.4902874902874903,ok,1.0,94476.70243661232
0.7000000000000001,1000000.0,1.0,1.0,18,14,18.009004502251123,96.048024012006,0.22711226170863733,0.5079190497140343,ok,1.0,83152.66243069741
0.7000000000000001,1000000.0,1.0,1.0,19,14,18.009004502251123,96.048024012006,0.2245362837617963,0.5166805671392828,ok,1.0,81377.79994731743
0.8,200000.0,1.0,1.0,0,14,24.0120060030015,102.05102551275637,0.06626594341005718,0.5054426229508197,ok,1.0,14991.0022086815
0.8,200000.0,1.0,1.0,1,14,24.0120060030015,102.05102551275637,0.06487148102815178,0.4910151691948658,ok,1.0,13640.681012971449
0.8,200000.0,1.0,1.0,2,14,24.0120060030015,102.05102551275637,0.06420421581899052,0.49639670555936855,ok,0.39861977112189745,14425.361508538344
0.8,200000.0,1.0,1.0,3,14,24.0120060030015,102.05102551275637,0.06624005534417157,0.49378799894263814,ok,1.0,13032.300720557003
0.8,200000.0,1.0,1.0,4,14,24.0120060030015,102.05102551275637,0.0654381346370816,0.4979287489643745,ok,1.0,13923.462562089253
0.8,200000.0,1.0,1.0,5,14,24.0120060030015,102.05102551275637,0.06256517205422316,0.49949633040725283,ok,1.0,14094.171409242228
0.8,200000.0,1.0,1.0,6,14,24.0120060030015,102.05102551275637,0.06580138846966496,0.49036697247706423,ok,0.3720910928949634,14932.382724932462
0.8,200000.0,1.0,1.0,7,14,24.0120060030015,102.05102551275637,0.06477144241641092,0.4968553459119497,ok,1.0,13205.317691554012
0.8,200000.0,1.0,1.0,8,14,24.0120060030015,102.05102551275637,0.06591668131481807,0.5011256190904998,ok,1.0,13020.925097059622
0.8,200000.0,1.0,1.0,9,14,24.0120060030015,102.05102551275637,0.060903732809430254,0.5043478260869565,ok,0.4197904868209262,13561.091249177722
0.8,200000.0,1.0,1.0,10,14,24.0120060030015,102.05102551275637,0.055991041433370664,0.5023696682464455,ok,0.9999999999157527,421.913303958316
0.8,200000.0,1.0,1.0,11,14,24.0120060030015,102.05102551275637,0.06134969325153374,0.4963169094778196,ok,1.0,10826.906469132638
0.8,200000.0,1.0,1.0,12,14,24.0120060030015,102.05102551275637,0.06301237743128114,0.49144392589449865,ok,1.0,12982.378633777862
0.8,200000.0,1.0,1.0,13,14,24.0120060030015,102.05102551275637,0.06666666666666667,0.4975283512649026,ok,0.9999999999999982,12529.249253487098
0.8,200000.0,1.0,1.0,14,14,24.0120060030015,102.05102551275637,0.06457960644007156,0.49678012879484823,ok,1.0,13448.431465601347
0.8,200000.0,1.0,1.0,15,14,24.0120060030015,102.05102551275637,0.06255268925982128,0.5168800931315483,ok,1.0,12763.435753159236
0.8,200000.0,1.0,1.0,16,14,24.0120060030015,102.05102551275637,0.0628152969894223,0.4978980076768415,ok,1.0,12276.784434716803
0.8,200000.0,1.0,1.0,17,14,24.0120060030015,102.05102551275637,0.059722659943271354,0.4908745247148289,ok,1.0,12180.319586192361
0.8,200000.0,1.0,1.0,18,14,24.0120060030015,102.05102551275637,0.05834970530451866,0.5101522842639594,ok,1.0,12343.20468036907
0.8,200000.0,1.0,1.0,19,14,24.0120060030015,102.05102551275637,0.062326869806094184,0.5087817117368274,ok,1.0,12549.845504136576
0.8,1000000.0,1.0,1.0,0,14,18.009004502251123,96.048024012006,0.39916798732171155,0.49702067998597965,ok,1.0,406418.28875955526
0.8,1000000.0,1.0,1.0,1,14,18.009004502251123,96.048024012006,0.4048,0.4923230974632844,ok,1.0,422587.35094912845
0.8,1000000.0,1.0,1.0,2,14,18.009004502251123,96.048024012006,0.3959203735561563,0.505451427171383,ok,1.0,370910.564512184
0.8,1000000.0,1.0,1.0,3,14,18.009004502251123,96.048024012006,0.4022752409543372,0.48881239242685026,ok,1.0,410018.65083113965
0.8,1000000.0,1.0,1.0,4,14,18.009004502251123,96.048024012006,0.4133085348212441,0.49962714392244595,ok,1.0,433303.3078098472
0.8,1000000.0,1.0,1.0,5,14,18.009004502251123,96.048024012006,0.3956239870340357,0.4945311539879563,ok,1.0,376633.1928409964
0.8,1000000.0,1.0,1.0,6,14,18.009004502251123,96.048024012006,0.40256670043904086,0.4828278322925959,ok,1.0,383964.46868973837
0.8,1000000.0,1.0,1.0,7,14,18.009004502251123,96.048024012006,0.4126406353408339,0.4857142857142857,ok,1.0,465578.3187869384
0.8,1000000.0,1.0,1.0,8,14,18.009004502251123,96.048024012006,0.39504563233376794,0.5072251691970002,ok,1.0,402934.29605157423
0.8,1000000.0,1.0,1.0,9,14,18.009004502251123,96.048024012006,0.3933732816355305,0.49981322375793796,ok,1.0,369395.2540666943
0.8,1000000.0,1.0,1.0,10,14,18.009004502251123,96.048024012006,0.4058885383806519,0.503391894242477,ok,1.0,412549.46996418136
0.8,1000000.0,1.0,1.0,11,14,18.009004502251123,96.048024012006,0.40819619232010323,0.501333688983729,ok,1.0,429557.60863741994
0.8,1000000.0,1.0,1.0,12,14,18.009004502251123,96.048024012006,0.4078692158492657,0.4993734335839599,ok,1.0,445340.39329099254
0.8,1000000.0,1.0,1.0,13,14,18.009004502251123,96.048024012006,0.4073302279970581,0.5102593883081687,ok,1.0,420233.69558915764
0.8,1000000.0,1.0,1.0,14,14,18.009004502251123,96.048024012006,0.4099519366694939,0.4965065502183406,ok,1.0,424418.2893896479
0.8,1000000.0,1.0,1.0,15,14,18.009004502251123,96.048024012006,0.408632721633497,0.49627224627224625,ok,1.0,449619.4058436069
0.8,1000000.0,1.0,1.0,16,14,18.009004502251123,96.048024012006,0.3908291122367369,0.5053475935828877,ok,1.0,344406.3678366649
0.8,1000000.0,1.0,1.0,17,14,18.009004502251123,96.048024012006,0.4426094137076796,0.4952724558347848,ok,1.0,597335.7696082407
0.8,1000000.0,1.0,1.0,18,14,18.009004502251123,96.048024012006,0.3974478680361033,0.50675185131407,ok,1.0,364621.27286168415
0.8,1000000.0,1.0,1.0,19,14,18.009004502251123,96.048024012006,0.4129700042247571,0.5071033938437254,ok,1.0,456858.63857236854
0.9,200000.0,1.0,1.0,0,14,24.0120060030015,102.05102551275637,0.16775884665792923,0.49803343166175024,ok,0.9999999981924905,50301.32871701813
0.9,200000.0,1.0,1.0,1,14,24.0120060030015,102.05102551275637,0.16444925742574257,0.49838407892498726,ok,1.0,48768.90268813611
0.9,200000.0,1.0,1.0,2,14,24.0120060030015,102.05102551275637,0.1649529643404069,0.5080645161290323,ok,1.0,49144.45526787204
0.9,200000.0,1.0,1.0,3,14,24.0120060030015,102.05102551275637,0.16290653384119544,0.49897814808992297,ok,1.0,48156.458232253855
0.9,200000.0,1.0,1.0,4,14,24.0120060030015,102.05102551275637,0.16227934344998451,0.4944861049845611,ok,1.0,47479.694098743435
0.9,200000.0,1.0,1.0,5,14,24.0120060030015,102.05102551275637,0.16031001427697328,0.4895911337426988,ok,1.0,47253.478466001114
0.9,200000.0,1.0,1.0,6,14,24.0120060030015,102.05102551275637,0.16963430978364924,0.49558899844317594,ok,1.0,51320.98863243937
0.9,200000.0,1.0,1.0,7,14,24.0120060030015,102.05102551275637,0.1628576265447774,0.508443633044272,ok,1.0,48053.24197377926
0.9,200000.0,1.0,1.0,8,14,24.0120060030015,102.05102551275637,0.1682334508421465,0.4939892731644165,ok,1.0,50790.6182182293
0.9,200000.0,1.0,1.0,9,14,24.0120060030015,102.05102551275637,0.16353677621283255,0.5066079295154186,ok,1.0,48272.453547021534
0.9,200000.0,1.0,1.0,10,14,24.0120060030015,102.05102551275637,0.16627484505236162,0.49170904267079374,ok,1.0,49941.64833889418
0.9,200000.0,1.0,1.0,11,14,24.0120060030015,102.05102551275637,0.15979946733510889,0.49475665501478894,ok,1.0,46408.74296048634
0.9,200000.0,1.0,1.0,12,14,24.0120060030015,102.05102551275637,0.16370521409845615,0.498,ok,1.0,48681.29226138007
0.9,200000.0,1.0,1.0,13,14,24.0120060030015,102.05102551275637,0.16263350006759497,0.5099973340442548,ok,1.0,47897.180376726705
0.9,200000.0,1.0,1.0,14,14,24.0120060030015,102.05102551275637,0.17061057551855097,0.4908881642048724,ok,1.0,51091.26258909084
0.9,200000.0,1.0,1.0,15,14,24.0120060030015,102.05102551275637,0.1622791825424316,0.4959553158705701,ok,1.0,47747.11321453602
0.9,200000.0,1.0,1.0,16,14,24.0120060030015,102.05102551275637,0.1674736842105263,0.53,ok,1.0,50271.08642116075
0.9,200000.0,1.0,1.0,17,14,24.0120060030015,102.05102551275637,0.1649269311064718,0.4982058545797923,ok,1.0,48533.82299322758
0.9,200000.0,1.0,1.0,18,14,24.0120060030015,102.05102551275637,0.1643029167781643,0.5010266940451745,ok,1.0,48433.504053948185
0.9,200000.0,1.0,1.0,19,14,24.0120060030015,102.05102551275637,0.17131062951496387,0.5070054618855379,ok,0.9999999999999962,51458.32576986147
0.9,1000000.0,1.0,1.0,0,14,12.00600300150075,90.04502251125562,0.07845020813320525,0.49504950495049505,ok,1.0,18344.96893647911
0.9,1000000.0,1.0,1.0,1,14,12.00600300150075,90.04502251125562,0.07083657083657084,0.5014130946773434,ok,1.0,16382.719606282903
0.9,1000000.0,1.0,1.0,2,14,12.00600300150075,90.04502251125562,0.0741899852724595,0.5001407261469181,ok,1.0,17307.951571450987
0.9,1000000.0,1.0,1.0,3,14,12.00600300150075,90.04502251125562,0.07260034904013962,0.4892592592592593,ok,0.8103765595787841,16987.796328579792
0.9,1000000.0,1.0,1.0,4,14,12.00600300150075,90.04502251125562,0.07420890506860824,0.5028224963412085,ok,1.0,17156.732030010586
0.9,1000000.0,1.0,1.0,5,14,12.00600300150075,90.04502251125562,0.07387516410072802,0.5,ok,1.0,17251.556200422583
0.9,1000000.0,1.0,1.0,6,14,12.00600300150075,90.04502251125562,0.07912457912457913,0.49179075983199694,ok,1.0,17780.979682961242
0.9,1000000.0,1.0,1.0,7,14,12.00600300150075,90.04502251125562,0.07144927536231883,0.5058038305281486,ok,1.0,16620.500999569318
0.9,1000000.0,1.0,1.0,8,14,12.00600300150075,90.04502251125562,0.06961376324484447,0.4968798751950078,ok,0.9999999999999984,15968.306307243674
0.9,1000000.0,1.0,1.0,9,14,12.00600300150075,90.04502251125562,0.05921052631578947,0.49811545328307877,ok,1.0,12963.37155344337
0.9,1000000.0,1.0,1.0,10,14,12.00600300150075,90.04502251125562,0.0701651805291624,0.49895716348467833,ok,1.0,16159.40882394721
0.9,1000000.0,1.0,1.0,11,14,12.00600300150075,90.04502251125562,0.0651977060066405,0.48,ok,1.0,15000.317393641337
0.9,1000000.0,1.0,1.0,12,14,12.00600300150075,90.04502251125562,0.07653223245474754,0.48874773139745914,ok,1.0,17915.28397606762
0.9,1000000.0,1.0,1.0,13,14,12.00600300150075,90.04502251125562,0.0763870276065398,0.6,ok,1.0,17822.487299473265
0.9,1000000.0,1.0,1.0,14,14,12.00600300150075,90.04502251125562,0.07318718381112985,0.5041095890410959,ok,1.0,17059.129249469468
0.9,1000000.0,1.0,1.0,15,14,12.00600300150075,90.04502251125562,0.06816608996539793,0.505078125,ok,1.0,15753.08042167343
0.9,1000000.0,1.0,1.0,16,14,12.00600300150075,90.04502251125562,0.07338041142155358,0.5054003724394786,ok,1.0,17151.811857966222
0.9,1000000.0,1.0,1.0,17,14,12.00600300150075,90.04502251125562,0.06460587326120557,0.5129077446467881,ok,1.0,14768.114053417763
0.9,1000000.0,1.0,1.0,18,14,12.00600300150075,90.04502251125562,0.07338245684869284,0.48642699926632427,ok,1.0,17181.14502481503
0.9,1000000.0,1.0,1.0,19,14,12.00600300150075,90.04502251125562,0.07134426229508196,0.49908991627229704,ok,1.0,16602.631547939825
1.0,200000.0,1.0,1.0,0,14,24.0120060030015,102.05102551275637,0.3116429147620328,0.5116044399596368,ok,1.0,165429.5020976148
1.0,200000.0,1.0,1.0,1,14,24.0120060030015,102.05102551275637,0.3086053412462908,0.49214285714285716,ok,1.0,163087.2173298763
1.0,200000.0,1.0,1.0,2,14,24.0120060030015,102.05102551275637,0.2997364953886693,0.5243958048335613,ok,1.0,149712.9632593368
1.0,200000.0,1.0,1.0,3,14,24.0120060030015,102.05102551275637,0.3046492659053834,0.4899803536345776,ok,1.0,155599.55334013427
1.0,200000.0,1.0,1.0,4,14,24.0120060030015,102.05102551275637,0.3154795288839035,0.5070020394289599,ok,1.0,170789.399399136
1.0,200000.0,1.0,1.0,5,14,24.0120060030015,102.05102551275637,0.31519648255015115,0.500823723228995,ok,1.0,170617.75661699232
1.0,200000.0,1.0,1.0,6,14,24.0120060030015,102.05102551275637,0.30910871694417236,0.5007493755203997,ok,1.0,161918.57995101035
1.0,200000.0,1.0,1.0,7,14,24.0120060030015,102.05102551275637,0.2965069049553209,0.5108679130566955,ok,1.0,145239.77070506438
1.0,200000.0,1.0,1.0,8,14,24.0120060030015,102.05102551275637,0.31269481439501273,0.49534114818154495,ok,1.0,168723.4141724358
1.0,200000.0,1.0,1.0,9,14,24.0120060030015,102.05102551275637,0.3155377256596204,0.4934626739772248,ok,1.0,170397.36171959623
1.0,200000.0,1.0,1.0,10,14,24.0120060030015,102.05102551275637,0.3030196009182412,0.5034215328467153,ok,0.9999999999999227,153783.68147223894
1.0,200000.0,1.0,1.0,11,14,24.0120060030015,102.05102551275637,0.3108039777515591,0.506560773480663,ok,1.0,160968.71015717555
1.0,200000.0,1.0,1.0,12,14,24.0120060030015,102.05102551275637,0.3108728943338438,0.5029028512450007,ok,0.4360719996609983,171804.46224730593
1.0,200000.0,1.0,1.0,13,14,24.0120060030015,102.05102551275637,0.31809105431309903,0.49515301273522144,ok,0.9999999999999993,165254.32560368083
1.0,200000.0,1.0,1.0,14,14,24.0120060030015,102.05102551275637,0.3049674830496748,0.4990328820116054,ok,1.0,154459.35679538816
1.0,200000.0,1.0,1.0,15,14,24.0120060030015,102.05102551275637,0.32370283018867924,0.5009164222873901,ok,1.0,178370.40780852214
1.0,200000.0,1.0,1.0,16,14,24.0120060030015,102.05102551275637,0.30474576271186443,0.4959113690319177,ok,1.0,155976.70471909162
1.0,200000.0,1.0,1.0,17,14,24.0120060030015,102.05102551275637,0.30725987793125603,0.505098234270082,ok,1.0,156189.04640114954
1.0,200000.0,1.0,1.0,18,14,24.0120060030015,102.05102551275637,0.3022609340252039,0.5106241699867198,ok,1.0,154970.943868508
1.0,200000.0,1.0,1.0,19,14,24.0120060030015,102.05102551275637,0.31103734439834024,0.5011065444198546,ok,1.0,164954.986879139
1.0,1000000.0,1.0,1.0,0,14,12.00600300150075,90.04502251125562,0.15132924335378323,0.49589201877934275,ok,1.0,43280.73111711672
1.0,1000000.0,1.0,1.0,1,14,12.00600300150075,90.04502251125562,0.17144149577804585,0.4978422233730364,ok,1.0,52199.671712286035
1.0,1000000.0,1.0,1.0,2,14,12.00600300150075,90.04502251125562,0.16385814889336017,0.4918032786885246,ok,1.0,48770.26729514678
1.0,1000000.0,1.0,1.0,3,14,12.00600300150075,90.04502251125562,0.1599537483137406,0.5095371876386219,ok,1.0,46924.606279335676
1.0,1000000.0,1.0,1.0,4,14,12.00600300150075,90.04502251125562,0.16524767801857584,0.524584487534626,ok,1.0,49438.09774765547
1.0,1000000.0,1.0,1.0,5,14,12.00600300150075,90.04502251125562,0.16395455941050047,0.48976293103448276,ok,1.0,48725.71360688658
1.0,1000000.0,1.0,1.0,6,14,12.00600300150075,90.04502251125562,0.16350862252501597,0.49937603993344426,ok,1.0,48543.494626154985
1.0,1000000.0,1.0,1.0,7,14,12.00600300150075,90.04502251125562,0.1559917355371901,0.4969995713673382,ok,1.0,45399.14603652322
1.0,1000000.0,1.0,1.0,8,14,12.00600300150075,90.04502251125562,0.16060877350044764,0.5090183559457302,ok,1.0,47296.35499210081
1.0,1000000.0,1.0,1.0,9,14,12.00600300150075,90.04502251125562,0.16395326565791993,0.5076673547626069,ok,1.0,49070.65027146613
1.0,1000000.0,1.0,1.0,10,14,12.00600300150075,90.04502251125562,0.16382470119521914,0.4926182237600923,ok,1.0,48759.26415702409
1.0,1000000.0,1.0,1.0,11,14,12.00600300150075,90.04502251125562,0.1567827130852341,0.5066469719350074,ok,1.0,45871.41316031226
1.0,1000000.0,1.0,1.0,12,14,12.00600300150075,90.04502251125562,0.16046399226679556,0.507223113964687,ok,1.0,47183.96254182505
1.0,1000000.0,1.0,1.0,13,14,12.00600300150075,90.04502251125562,0.16227347611202636,0.5040329808209356,ok,1.0,47776.62229571357
1.0,1000000.0,1.0,1.0,14,14,12.00600300150075,90.04502251125562,0.16778523489932887,0.5128705148205929,ok,1.0,50412.91497732031
1.0,1000000.0,1.0,1.0,15,14,12.00600300150075,90.04502251125562,0.17264697764283743,0.5121462001337196,ok,1.0,52730.97657412324
1.0,1000000.0,1.0,1.0,16,14,12.00600300150075,90.04502251125562,0.17033089051743283,0.496793501496366,ok,1.0,51727.68573652326
1.0,1000000.0,1.0,1.0,17,14,12.00600300150075,90.04502251125562,0.15941505686947102,0.504700557103064,ok,1.0,46669.58871269962
1.0,1000000.0,1.0,1.0,18,14,12.00600300150075,90.04502251125562,0.15677782589865744,0.49326773692387366,ok,1.0,45767.8997228839
1.0,1000000.0,1.0,1.0,19,14,12.00600300150075,90.04502251125562,0.1643612693246542,0.510832769126608,ok,1.0,48937.38177990782
