,mut_max_VAF,fitness_95,size_prediction_120,chromosome,size_prediction_next_30,VAF_prediction_120,clonal_index,mut_VAF_tp_0,PreferredSymbol,fitness_5,clonal_structure,VAF_prediction_next_30,p_key,sub_cohort,overall_order,init_age_hdi97%,sex,init_age,position,part_age_tp_0,mutation,participant_id,fitness,init_ages_guess,reference,clonal_structure_size,within_clone_order,cohort,init_age_hdi_3%
TET2 c.106197315C>A,0.062111801242236024,0.9950500130653381,1.1909178412686747e+21,4,171988976186121.03,0.5,1.0,0.000725689404934688,TET2,0.7772499918937683,['TET2 c.106197315C>A'],0.4999999997092837,TET2 p.T1883K,sardiNIA,3,69.731,F,69.47,106197315,73.6,A,11449,0.9603999853134155,68.51584754874189,C,1,1,sardiNIA,69.203
SF3B1 c.198267360T>A,0.089728453364817,0.7772499918937683,204801576111407.12,2,5788868598.794934,0.49999999975586124,1.0,0.0,SF3B1,0.5295024901628494,['SF3B1 c.198267360T>A'],0.499991362882844,SF3B1 p.K666M,sardiNIA,2,68.768,F,68.402,198267360,73.6,A,29274,0.6386500000953674,65.44569228435302,T,1,1,sardiNIA,68.032
DNMT3A c.1122+1G>A,0.016036655211912942,0.8465499877929688,126460428796116.05,chr2,5610969807.02855,0.4999999996046194,0.0,0.003355704697986577,DNMT3A,0.2475999891757965,['DNMT3A c.1122+1G>A'],0.49999108904331624,,LBC36,3,59.012,F,58.127,25469919,70.90136986,T,LBC361286,0.5248000025749207,57.82139328249014,C,1,1,LBC,57.306
U2AF2 c.56173940T>G,0.016464471403812825,0.6386500000953674,6361137751315.094,19,35870069.66491733,0.49999999213977103,1.0,0.0,U2AF2,0.37630000710487366,['U2AF2 c.56173940T>G'],0.4986099554305627,U2AF2 p.L187V,sardiNIA,3,63.113,F,62.188,56173940,66.3,G,28932,0.5099499821662903,59.86259756504162,T,1,1,sardiNIA,61.362
SF3B1 c.2098A>G,0.025721237400069517,0.5346999764442444,11580279404435.877,chr2,241499899.27854586,0.4999999956823149,0.0,0.0027643400138217,SF3B1,0.4802500009536743,['SF3B1 c.2098A>G'],0.49979304627133825,SF3B1 p.Lys700Glu,LBC36,2,60.881,M,60.435,198266834,68.65753425,C,LBC360072,0.5049999952316284,59.087381198992894,T,1,1,LBC,60.087
SRSF2 c.330C>G,0.011764705882352941,0.871547484397888,2100170592214.046,chr17,177778940.8892539,0.4999999761924113,1.0,0.0,SRSF2,0.24240250140428546,['SRSF2 c.330C>G'],0.4997189099521841,SRSF2 p.Tyr110Ter,LBC36,3,62.873,M,61.523,74732913,70.6739726,C,LBC361172,0.4851999878883362,60.066817421486874,G,1,1,LBC,60.036
U2AF1 c.44514777T>C,0.10268562401263823,0.5445999503135681,1919500355444.7,21,27668111.56524386,0.49999997395155604,1.0,0.0006807351940095302,U2AF1,0.4059999883174896,['U2AF1 c.44514777T>C'],0.4981993734113852,U2AF1 p.Q84R,sardiNIA,2,60.234,M,59.868,44514777,66.3,C,3877,0.4703499972820282,56.022322892112825,T,1,1,sardiNIA,59.444
NRAS c.-16T>C,0.01023391812865497,0.8712999820709229,487821859215.79553,chr1,77641806.03069651,0.49999989750358903,0.0,0.0,NRAS,0.20304998755455017,['NRAS c.-16T>C'],0.4993568454020703,,LBC36,1,62.464,F,60.915,115258797,70.8,G,LBC361133,0.4554999768733978,59.43160215278698,A,1,1,LBC,59.373
SRSF2 c.74732959G>T,0.0718232044198895,0.6438474863767621,6196953867.02487,17,434227329.60218686,0.4999919316499303,3.0,0.0008984725965858042,SRSF2,0.35130251199007034,['SRSF2 c.74732959G>T'],0.49988487945244936,SRSF2 p.P95H,sardiNIA,5,70.652,M,69.956,74732959,84.1,T,1904,0.45054998993873596,69.11454172751047,G,1,1,sardiNIA,69.257
TET2 c.106197285T>C,0.16312849162011173,0.5099499821662903,289759559434.67426,4,124879206.95377223,0.4999998274431986,2.0,0.0,TET2,0.3960999846458435,['TET2 c.106197285T>C'],0.49959993345118203,TET2 p.I1873T,sardiNIA,3,61.773,F,61.422,106197285,72.8,C,2045,0.45054998993873596,58.82550599041674,T,1,1,sardiNIA,61.016
TET2 c.106164866A>G,0.3380855397148676,0.4554999768733978,968887719800.4733,4,1748047017.4942274,0.49999994839443845,1.0,0.0056625141562853904,TET2,0.4109500050544739,"['TET2 c.106156301CATCACAATTGCTTCTT>C', 'TET2 c.106164866A>G']",0.49997139828658593,TET2 p.Y1245C,sardiNIA,2,56.944,M,56.655,106164866,75.5,G,11959,0.4356999695301056,56.671031614501004,A,2,1,sardiNIA,56.355
TET2 c.106156301CATCACAATTGCTTCTT>C,0.307856761090326,0.4554999768733978,983776002961.449,4,1774908147.471716,0.4999999491754274,1.0,0.02634934126646834,TET2,0.4109500050544739,"['TET2 c.106156301CATCACAATTGCTTCTT>C', 'TET2 c.106164866A>G']",0.4999718311152142,TET2 p.P401fs,sardiNIA,2,56.905,M,56.62,106156301,75.5,C,11959,0.4356999695301056,56.68104666916018,CATCACAATTGCTTCTT,2,1,sardiNIA,56.365
PRPF40B c.50037035C>A,0.012145748987854251,0.7772499918937683,15447733969.890285,12,23880391.16680225,0.49999676330027254,1.0,0.0,PRPF40B,0.2176524929702282,['PRPF40B c.50037035C>A'],0.4979149631191497,PRPF40B p.P745P,sardiNIA,3,66.789,F,64.902,50037035,74.8,A,3283,0.42579999566078186,62.70603070542539,C,1,1,sardiNIA,63.161
JAK2 c.1849G>T,0.12144723299817908,0.45054998993873596,300194152266.9335,9,28602244.16945831,0.49999983344118143,1.0,0.00041322314049586776,JAK2,0.39114999771118164,['JAK2 c.1849G>T'],0.49825797593718457,JAK2 p.V617F,WHI,2,57.345,F,57.204,5073770,68.0,T,112835,0.4208499789237976,52.456451726517415,G,1,1,WHI,57.076
SF3B1 c.198267360T>G,0.04205607476635514,0.5346999764442444,226680017995.4058,2,86047108.22247733,0.4999997794248545,1.0,0.0,SF3B1,0.29214999079704285,['SF3B1 c.198267360T>G'],0.4994195974649448,SF3B1 p.K666T,sardiNIA,2,56.374,M,55.599,198267360,70.6,G,38504,0.4059999883174896,53.95400325922562,T,1,1,sardiNIA,54.731
TET2 c.106182956T>C,0.066429418742586,0.4456000030040741,67060778268.55081,4,14750916.586573636,0.49999925440881043,0.0,0.0,TET2,0.3614499866962433,"['TET2 c.106155920TC>T', 'TET2 c.106182956T>C']",0.4966332044417242,TET2 p.L1332P,sardiNIA,4,58.406,F,57.841,106182956,69.0,C,5201,0.40104997158050537,54.118932674601055,T,2,1,sardiNIA,57.316
CBL c.119169066A>G,0.029750479846449136,0.5445999503135681,786225834248.5508,11,3396210.415685467,0.4999999364050487,0.0,0.0,CBL,0.30699998140335083,['CBL c.119169066A>G'],0.4856988012575905,CBL c.2252-2A>G,sardiNIA,1,52.44,M,51.703,119169066,59.2,G,25081,0.40104997158050537,48.05615349593325,A,1,1,sardiNIA,50.905
TET2 c.106155920TC>T,0.046686746987951805,0.4456000030040741,57029869563.37159,4,12544483.833808754,0.4999991232679873,0.0,0.0,TET2,0.3614499866962433,"['TET2 c.106155920TC>T', 'TET2 c.106182956T>C']",0.4960457065185761,TET2 p.I274fs,sardiNIA,4,58.622,F,58.245,106155920,69.0,T,5201,0.40104997158050537,55.004090595889096,TC,2,1,sardiNIA,57.844
NOTCH1 c.139401026C>A,0.013089005235602094,0.6883974879980085,4993171674.308775,9,9615022.226236142,0.4999899865252161,0.0,0.0,NOTCH1,0.15849998593330383,['NOTCH1 c.139401026C>A'],0.49485333138353804,NOTCH1 p.A1323S,sardiNIA,1,63.369,M,61.426,139401026,73.6,A,34602,0.3812499940395355,59.36131054693459,C,1,1,sardiNIA,59.586
PPM1D c.58740543CT>C,0.03944315545243619,0.42579999566078186,27311354660.773872,17,5762134.325319268,0.49999816926631624,1.0,0.0,PPM1D,0.3366999924182892,['PPM1D c.58740543CT>C'],0.49147068333387656,PPM1D p.T483fs,sardiNIA,4,57.301,M,56.969,58740543,67.8,C,28831,0.3812499940395355,53.91070636464751,CT,1,1,sardiNIA,56.632
PHF6 c.133551331A>G,0.046831955922865015,0.6683499813079834,590229133.4900093,X,64093360.70618469,0.4999153014866395,2.0,0.0,PHF6,0.2525499761104584,['PHF6 c.133551331A>G'],0.4992211032503992,PHF6 p.K323E,sardiNIA,4,67.624,M,66.33,133551331,84.1,G,1904,0.37630000710487366,66.3898973042311,A,1,1,sardiNIA,65.061
U2AF1 c.44514777T>C,0.015317286652078774,0.5644000172615051,2197196775.8909674,21,1759479.1346579127,0.499977244767048,0.0,0.0,U2AF1,0.2525499761104584,['U2AF1 c.44514777T>C'],0.4731107496351668,U2AF1 p.Q84R,sardiNIA,1,63.481,M,62.075,44514777,70.8,C,30271,0.3713499903678894,58.52957183158544,T,1,1,sardiNIA,60.84
PPM1D c.1351G>T,0.018504358464597033,0.42579999566078186,6185146228.310714,17,1189943.625747601,0.4999919162474452,0.0,0.00023231501916598908,PPM1D,0.3119499981403351,"['PPM1D c.1351G>T', 'PPM1D c.1411delC']",0.46123861616741435,PPM1D p.E451X,WHI,4,57.299,F,56.759,58740446,66.0,T,297434,0.3564999997615814,51.862122403682065,G,2,2,WHI,56.277
CBL c.119149219G>A,0.0375234521575985,0.5099499821662903,79217334614.78677,11,7470414.0908075385,0.4999993688258116,0.0,0.0,CBL,0.2525499761104584,['CBL c.119149219G>A'],0.493395341470064,CBL c.1228-1G>A,sardiNIA,4,50.586,F,49.606,119149219,64.0,A,35863,0.3564999997615814,47.561334849534404,G,1,1,sardiNIA,48.554
PPM1D c.1411delC,0.08364573570759137,0.42579999566078186,27704355718.121193,17,5329966.386457802,0.4999981952361559,0.0,0.0003295978905735003,PPM1D,0.3119499981403351,"['PPM1D c.1351G>T', 'PPM1D c.1411delC']",0.4907918398676097,PPM1D p.P471Qfs*12,WHI,3,52.829,F,52.553,58740505,66.0,T,297434,0.3564999997615814,47.654435568058815,TC,2,1,WHI,52.287
SRSF2 c.74732959G>T,0.04955527318932656,0.42579999566078186,139865463441.76355,17,1954230.5118023201,0.4999996425138628,1.0,0.0010235414534288639,SRSF2,0.2624500095844269,['SRSF2 c.74732959G>T'],0.4756599857159499,SRSF2 p.P95H,sardiNIA,2,44.583,M,43.778,74732959,56.8,T,500,0.3366999924182892,40.44661745285957,G,1,1,sardiNIA,43.023
CBL c.1139T>C,0.01134289439374185,0.44065001606941223,26108407915.59594,11,1731976.7548038345,0.4999980849154551,0.0,0.00017374685083832854,CBL,0.2723499834537506,['CBL c.1139T>C'],0.4727070772765597,CBL p.L380P,WHI,3,48.41,F,47.7,119148919,61.0,C,127625,0.33174997568130493,46.75217372900475,T,1,1,WHI,47.022
CEBPA c.33792852G>A,0.025,0.5940999984741211,337703166.0206361,19,1722587.0728042638,0.49985198480941134,0.0,0.0,CEBPA,0.15354999899864197,['CEBPA c.33792852G>A'],0.4725664684304662,CEBPA p.P157S,sardiNIA,1,61.291,F,58.985,33792852,73.6,A,29274,0.3218500018119812,56.33538532746006,G,1,1,sardiNIA,56.266
TET2 c.106196234C>T,0.029596412556053813,0.5299974888563154,1124152975.5231686,4,37862264.680455044,0.4999555260238678,2.0,0.011615628299894404,TET2,0.13375000655651093,['TET2 c.106196234C>T'],0.4986829026028644,TET2 p.Q1523X,sardiNIA,3,55.237,F,54.237,106196234,79.3,T,3413,0.31690001487731934,54.48335198454086,C,1,1,sardiNIA,53.298
PTPN11 c.779A>G,0.012106537530266344,0.7326999306678772,871862134.2466727,chr12,1212885.8350244563,0.4999426580604407,1.0,0.0,PTPN11,0.12855249010026457,['PTPN11 c.779A>G'],0.4619159574533237,PTPN11 p.Lys260Arg,LBC36,2,58.148,F,55.039,112910770,69.24383562,G,LBC360453,0.31690001487731934,53.98083562383343,A,1,1,LBC,52.318
ASXL1 c.31024266C>T,0.02556976097832129,0.41589999198913574,2442439498.2050834,20,2635433.419112486,0.49997952950196434,0.0,0.0007668711656441718,ASXL1,0.23274999856948853,['ASXL1 c.31024266C>T'],0.48172136099140644,ASXL1 p.Q1251X,sardiNIA,2,51.533,F,50.706,31024266,68.1,T,1110,0.3119499981403351,48.96624663625975,C,1,1,sardiNIA,49.958
BRAF c.140453193T>A,0.01643192488262911,0.4851999878883362,227991586.5801379,7,1065845.903305157,0.4997807898101387,0.0,0.0,BRAF,0.1981000006198883,['BRAF c.140453193T>A'],0.45711268542587774,BRAF p.N581I,sardiNIA,2,59.842,F,58.308,140453193,72.8,A,2045,0.3119499981403351,56.558595645257604,T,1,1,sardiNIA,56.274
TET2 c.106180841C>T,0.023143683702989394,0.41589999198913574,888114071.7349876,4,425198.422287241,0.49994370726428333,0.0,0.0,TET2,0.22779999673366547,['TET2 c.106180841C>T'],0.404797886135587,TET2 p.S1290L,sardiNIA,3,53.989,M,52.884,106180841,65.1,T,3497,0.30699998140335083,49.227494753863,C,1,1,sardiNIA,51.736
SF3B1 c.1998G>T,0.014165890027958993,0.4554999768733978,9612369615.168615,2,112119.13560205906,0.4999947984230898,0.0,0.0,SF3B1,0.2376999855041504,['SF3B1 c.1998G>T'],0.26428340678418905,SF3B1 p.K666N,WHI,1,45.857,F,45.126,198267359,53.0,A,272441,0.30699998140335083,39.85853932051106,C,1,1,WHI,44.42
TET2 c.2268dupA,0.014358499305233904,0.49014997482299805,78651628.95572779,4,425720.886645622,0.49936509249823763,0.0,0.0,TET2,0.22779999673366547,['TET2 c.2268dupA'],0.40489249852896936,TET2 p.L757Tfs*12,WHI,4,61.906,F,60.78,106157366,73.0,TA,234909,0.30699998140335083,56.82079532378478,T,1,1,WHI,59.724
TET2 c.106157119C>T,0.13927125506072874,0.32679998874664307,4904108898.477467,4,6003356.960678024,0.49998980467573156,0.0,0.002564102564102564,TET2,0.2772999703884125,"['TET2 c.106157119C>T', 'TET2 c.106180865G>A']",0.49180778703881584,TET2 p.Q674X,sardiNIA,2,46.582,M,46.127,106157119,67.8,T,1716,0.30204999446868896,44.03320183821968,C,2,1,sardiNIA,45.718
PPM1D c.1642A>T,0.16000823723228996,0.31690001487731934,694549316.1261955,17,7482098.136486032,0.4999280212348314,1.0,0.005077574047954866,PPM1D,0.2822500169277191,['PPM1D c.1642A>T'],0.49340551927712545,PPM1D p.K548X,WHI,2,52.878,F,52.598,58740737,75.0,T,135380,0.30204999446868896,50.85378011308643,A,1,1,WHI,52.268
SF3B1 c.198266834T>C,0.013888888888888888,0.45054998993873596,90443717.98662208,2,974313.4981096388,0.49944778057371814,1.0,0.0,SF3B1,0.1881999969482422,['SF3B1 c.198266834T>C'],0.4534586504889123,SF3B1 p.K700E,sardiNIA,2,60.762,M,59.347,198266834,75.0,C,25209,0.30204999446868896,57.394144611689306,T,1,1,sardiNIA,58.032
TET2 c.106180865G>A,0.15710503089143865,0.32679998874664307,5189081743.059917,4,6352206.00655857,0.49999036456950713,0.0,0.005319148936170213,TET2,0.2772999703884125,"['TET2 c.106157119C>T', 'TET2 c.106180865G>A']",0.4922507123998868,TET2 p.C1298Y,sardiNIA,2,46.292,M,45.94,106180865,67.8,A,1716,0.30204999446868896,43.85537113925738,G,2,1,sardiNIA,45.558
SF3B1 c.198267359C>A,0.0537525354969574,0.37630000710487366,295189487.379307,2,5348241.315845387,0.49983067463578285,0.0,0.004470938897168405,SF3B1,0.22779999673366547,['SF3B1 c.198267359C>A'],0.49082272661921517,SF3B1 p.K666N,sardiNIA,1,55.213,M,54.355,198267359,76.5,A,35629,0.2970999777317047,53.04868096301763,C,1,1,sardiNIA,53.712
DNMT3A c.2204A>G,0.01761102603369066,0.37630000710487366,3376951294.4917665,chr2,8190375.406929771,0.4999851941840263,0.0,0.0036101083032490976,DNMT3A,0.21789999306201935,['DNMT3A c.2204A>G'],0.49396891002569004,DNMT3A p.Tyr735Cys,LBC36,3,46.908,M,46.152,25463289,69.73150685,C,LBC360636,0.2970999777317047,47.481275721666684,T,1,1,LBC,45.417
ASXL1 c.2411_2427del,0.013619696176008382,0.5396499633789062,59463180.169739775,20,380852.8034664994,0.4991605552313105,0.0,0.0,ASXL1,0.2129499912261963,['ASXL1 c.2411_2427del'],0.3960180753038212,ASXL1 p.P805Qfs*11,WHI,3,60.958,F,59.748,31022925,73.0,G,257623,0.2970999777317047,55.709565630999585,GGACCCACCGTTCCTGCA,1,1,WHI,58.371
DNMT3A c.2043delC,0.01171303074670571,0.4109500050544739,3540304.869743447,2,150320.25948631167,0.4862648866539786,2.0,0.0,DNMT3A,0.20304998755455017,"['DNMT3A c.2043delC', 'TET2 c.5831delC']",0.30025587979731955,DNMT3A p.M682Cfs*23,WHI,3,69.882,F,67.494,25464469,79.0,T,151049,0.287200003862381,62.8108457102672,TG,2,1,WHI,65.262
TET2 c.5831delC,0.012526096033402923,0.4109500050544739,3627794.345064027,4,154035.03578846212,0.4865872429185357,2.0,0.0,TET2,0.20304998755455017,"['DNMT3A c.2043delC', 'TET2 c.5831delC']",0.3031767553447408,TET2 p.H1945Mfs*5,WHI,3,70.128,F,67.409,106197497,79.0,T,151049,0.287200003862381,62.577168172643454,TC,2,1,WHI,64.719
CREBBP c.3781267G>T,0.011299435028248588,0.4604499936103821,102445944.63845743,16,1339927.1298396664,0.4995124136778272,0.0,0.0008223684210526315,CREBBP,0.15354999899864197,['CREBBP c.3781267G>T'],0.4652760205958704,CREBBP p.Q1700K,sardiNIA,4,57.642,F,55.777,3781267,74.9,T,27151,0.287200003862381,55.00798517283158,G,1,1,sardiNIA,53.887
TET2 c.936dup,0.12932723709993468,0.32679998874664307,159238419.80103084,chr4,60569588.60367407,0.49968620248611456,0.0,0.05631611698817673,TET2,0.2376999855041504,"['TET2 c.936dup', 'U2AF1 c.470A>G']",0.4991758638693493,TET2 p.Thr313TyrfsTer18,LBC21,1,53.426,F,53.088,106156034,86.57534247,AT,LBC0251K,0.2822500169277191,53.53088243714809,A,2,1,LBC,52.777
ASXL1 c.31022936TC>T,0.017662337662337664,0.36664747446775414,154981626.79367572,20,449657.64379843045,0.49967758914428645,0.0,0.0,ASXL1,0.21789999306201935,['ASXL1 c.31022936TC>T'],0.40903428604308484,ASXL1 p.P808fs,sardiNIA,1,54.245,M,53.184,31022936,69.3,T,20894,0.2822500169277191,50.53759591861949,TC,1,1,sardiNIA,52.149
DNMT3A c.25463184G>A,0.025089605734767026,0.3812499940395355,330585597.1049646,2,5519241.122666595,0.4998487989787347,0.0,0.005747126436781609,DNMT3A,0.19314999878406525,['DNMT3A c.25463184G>A'],0.49110200133638815,DNMT3A p.S770L,sardiNIA,1,51.901,M,50.5,25463184,75.5,A,11959,0.2822500169277191,52.01069540365046,G,1,1,sardiNIA,49.077
U2AF1 c.470A>G,0.018462386332322955,0.32679998874664307,22336557.967470538,chr21,8496166.494256137,0.49777149418050254,0.0,0.007651715039577837,U2AF1,0.2376999855041504,"['TET2 c.936dup', 'U2AF1 c.470A>G']",0.4941834537484343,U2AF1 p.Gln157Arg,LBC21,2,60.681,F,60.047,44514777,86.57534247,C,LBC0251K,0.2822500169277191,60.47987026143092,T,2,2,LBC,59.34
TET2 c.1647delA,0.33116883116883117,0.3366999924182892,10665812660.800364,4,16168233.749251597,0.49999531216862636,0.0,0.0,TET2,0.2475999891757965,['TET2 c.1647delA'],0.49692652559763595,TET2 p.R550Efs*11,WHI,4,38.887,F,38.192,106156745,67.0,C,247293,0.2822500169277191,37.31928889150932,CA,1,1,WHI,37.5
