E,B,fitness_true,x0_true,rep,n_points,t_start,t_end,vaf_start,vaf_end,status,fitness_map,x0_map,err,abs_err,sq_err
100000.0,0.0001,0.3,1.0,0,0,nan,nan,nan,nan,skipped_threshold/window,nan,nan,nan,nan,nan
100000.0,0.0001,0.3,1.0,1,0,nan,nan,nan,nan,skipped_threshold/window,nan,nan,nan,nan,nan
100000.0,0.0001,0.3,1.0,2,0,nan,nan,nan,nan,skipped_threshold/window,nan,nan,nan,nan,nan
100000.0,0.0001,0.3,1.0,3,0,nan,nan,nan,nan,skipped_threshold/window,nan,nan,nan,nan,nan
100000.0,0.0001,0.3,1.0,4,0,nan,nan,nan,nan,skipped_threshold/window,nan,nan,nan,nan,nan
100000.0,0.0001,0.3,1.0,5,0,nan,nan,nan,nan,skipped_threshold/window,nan,nan,nan,nan,nan
100000.0,0.0001,0.3,1.0,6,0,nan,nan,nan,nan,skipped_threshold/window,nan,nan,nan,nan,nan
100000.0,0.0001,0.3,1.0,7,0,nan,nan,nan,nan,skipped_threshold/window,nan,nan,nan,nan,nan
100000.0,0.0001,0.3,1.0,8,0,nan,nan,nan,nan,skipped_threshold/window,nan,nan,nan,nan,nan
100000.0,0.0001,0.3,1.0,9,0,nan,nan,nan,nan,skipped_threshold/window,nan,nan,nan,nan,nan
100000.0,0.0001,0.3,1.0,10,0,nan,nan,nan,nan,skipped_threshold/window,nan,nan,nan,nan,nan
100000.0,0.0001,0.3,1.0,11,0,nan,nan,nan,nan,skipped_threshold/window,nan,nan,nan,nan,nan
100000.0,0.0001,0.3,1.0,12,0,nan,nan,nan,nan,skipped_threshold/window,nan,nan,nan,nan,nan
100000.0,0.0001,0.3,1.0,13,0,nan,nan,nan,nan,skipped_threshold/window,nan,nan,nan,nan,nan
100000.0,0.0001,0.3,1.0,14,0,nan,nan,nan,nan,skipped_threshold/window,nan,nan,nan,nan,nan
100000.0,0.0001,0.3,1.0,15,0,nan,nan,nan,nan,skipped_threshold/window,nan,nan,nan,nan,nan
100000.0,0.0001,0.3,1.0,16,0,nan,nan,nan,nan,skipped_threshold/window,nan,nan,nan,nan,nan
100000.0,0.0001,0.3,1.0,17,0,nan,nan,nan,nan,skipped_threshold/window,nan,nan,nan,nan,nan
100000.0,0.0001,0.3,1.0,18,0,nan,nan,nan,nan,skipped_threshold/window,nan,nan,nan,nan,nan
100000.0,0.0001,0.3,1.0,19,0,nan,nan,nan,nan,skipped_threshold/window,nan,nan,nan,nan,nan
100000.0,0.001,0.3,1.0,0,0,nan,nan,nan,nan,skipped_threshold/window,nan,nan,nan,nan,nan
100000.0,0.001,0.3,1.0,1,0,nan,nan,nan,nan,skipped_threshold/window,nan,nan,nan,nan,nan
100000.0,0.001,0.3,1.0,2,0,nan,nan,nan,nan,skipped_threshold/window,nan,nan,nan,nan,nan
100000.0,0.001,0.3,1.0,3,0,nan,nan,nan,nan,skipped_threshold/window,nan,nan,nan,nan,nan
100000.0,0.001,0.3,1.0,4,0,nan,nan,nan,nan,skipped_threshold/window,nan,nan,nan,nan,nan
100000.0,0.001,0.3,1.0,5,0,nan,nan,nan,nan,skipped_threshold/window,nan,nan,nan,nan,nan
100000.0,0.001,0.3,1.0,6,0,nan,nan,nan,nan,skipped_threshold/window,nan,nan,nan,nan,nan
100000.0,0.001,0.3,1.0,7,0,nan,nan,nan,nan,skipped_threshold/window,nan,nan,nan,nan,nan
100000.0,0.001,0.3,1.0,8,0,nan,nan,nan,nan,skipped_threshold/window,nan,nan,nan,nan,nan
100000.0,0.001,0.3,1.0,9,0,nan,nan,nan,nan,skipped_threshold/window,nan,nan,nan,nan,nan
100000.0,0.001,0.3,1.0,10,0,nan,nan,nan,nan,skipped_threshold/window,nan,nan,nan,nan,nan
100000.0,0.001,0.3,1.0,11,0,nan,nan,nan,nan,skipped_threshold/window,nan,nan,nan,nan,nan
100000.0,0.001,0.3,1.0,12,0,nan,nan,nan,nan,skipped_threshold/window,nan,nan,nan,nan,nan
100000.0,0.001,0.3,1.0,13,0,nan,nan,nan,nan,skipped_threshold/window,nan,nan,nan,nan,nan
100000.0,0.001,0.3,1.0,14,0,nan,nan,nan,nan,skipped_threshold/window,nan,nan,nan,nan,nan
100000.0,0.001,0.3,1.0,15,0,nan,nan,nan,nan,skipped_threshold/window,nan,nan,nan,nan,nan
100000.0,0.001,0.3,1.0,16,0,nan,nan,nan,nan,skipped_threshold/window,nan,nan,nan,nan,nan
100000.0,0.001,0.3,1.0,17,0,nan,nan,nan,nan,skipped_threshold/window,nan,nan,nan,nan,nan
100000.0,0.001,0.3,1.0,18,0,nan,nan,nan,nan,skipped_threshold/window,nan,nan,nan,nan,nan
100000.0,0.001,0.3,1.0,19,0,nan,nan,nan,nan,skipped_threshold/window,nan,nan,nan,nan,nan
100000.0,0.01,0.3,1.0,0,0,nan,nan,nan,nan,skipped_threshold/window,nan,nan,nan,nan,nan
100000.0,0.01,0.3,1.0,1,0,nan,nan,nan,nan,skipped_threshold/window,nan,nan,nan,nan,nan
100000.0,0.01,0.3,1.0,2,0,nan,nan,nan,nan,skipped_threshold/window,nan,nan,nan,nan,nan
100000.0,0.01,0.3,1.0,3,0,nan,nan,nan,nan,skipped_threshold/window,nan,nan,nan,nan,nan
100000.0,0.01,0.3,1.0,4,0,nan,nan,nan,nan,skipped_threshold/window,nan,nan,nan,nan,nan
100000.0,0.01,0.3,1.0,5,0,nan,nan,nan,nan,skipped_threshold/window,nan,nan,nan,nan,nan
100000.0,0.01,0.3,1.0,6,0,nan,nan,nan,nan,skipped_threshold/window,nan,nan,nan,nan,nan
100000.0,0.01,0.3,1.0,7,0,nan,nan,nan,nan,skipped_threshold/window,nan,nan,nan,nan,nan
100000.0,0.01,0.3,1.0,8,0,nan,nan,nan,nan,skipped_threshold/window,nan,nan,nan,nan,nan
100000.0,0.01,0.3,1.0,9,0,nan,nan,nan,nan,skipped_threshold/window,nan,nan,nan,nan,nan
100000.0,0.01,0.3,1.0,10,0,nan,nan,nan,nan,skipped_threshold/window,nan,nan,nan,nan,nan
100000.0,0.01,0.3,1.0,11,0,nan,nan,nan,nan,skipped_threshold/window,nan,nan,nan,nan,nan
100000.0,0.01,0.3,1.0,12,0,nan,nan,nan,nan,skipped_threshold/window,nan,nan,nan,nan,nan
100000.0,0.01,0.3,1.0,13,0,nan,nan,nan,nan,skipped_threshold/window,nan,nan,nan,nan,nan
100000.0,0.01,0.3,1.0,14,0,nan,nan,nan,nan,skipped_threshold/window,nan,nan,nan,nan,nan
100000.0,0.01,0.3,1.0,15,0,nan,nan,nan,nan,skipped_threshold/window,nan,nan,nan,nan,nan
100000.0,0.01,0.3,1.0,16,0,nan,nan,nan,nan,skipped_threshold/window,nan,nan,nan,nan,nan
100000.0,0.01,0.3,1.0,17,0,nan,nan,nan,nan,skipped_threshold/window,nan,nan,nan,nan,nan
100000.0,0.01,0.3,1.0,18,0,nan,nan,nan,nan,skipped_threshold/window,nan,nan,nan,nan,nan
100000.0,0.01,0.3,1.0,19,0,nan,nan,nan,nan,skipped_threshold/window,nan,nan,nan,nan,nan
100000.0,0.1,0.3,1.0,0,0,nan,nan,nan,nan,skipped_threshold/window,nan,nan,nan,nan,nan
100000.0,0.1,0.3,1.0,1,0,nan,nan,nan,nan,skipped_threshold/window,nan,nan,nan,nan,nan
100000.0,0.1,0.3,1.0,2,0,nan,nan,nan,nan,skipped_threshold/window,nan,nan,nan,nan,nan
100000.0,0.1,0.3,1.0,3,0,nan,nan,nan,nan,skipped_threshold/window,nan,nan,nan,nan,nan
100000.0,0.1,0.3,1.0,4,0,nan,nan,nan,nan,skipped_threshold/window,nan,nan,nan,nan,nan
100000.0,0.1,0.3,1.0,5,0,nan,nan,nan,nan,skipped_threshold/window,nan,nan,nan,nan,nan
100000.0,0.1,0.3,1.0,6,0,nan,nan,nan,nan,skipped_threshold/window,nan,nan,nan,nan,nan
100000.0,0.1,0.3,1.0,7,0,nan,nan,nan,nan,skipped_threshold/window,nan,nan,nan,nan,nan
100000.0,0.1,0.3,1.0,8,0,nan,nan,nan,nan,skipped_threshold/window,nan,nan,nan,nan,nan
100000.0,0.1,0.3,1.0,9,0,nan,nan,nan,nan,skipped_threshold/window,nan,nan,nan,nan,nan
100000.0,0.1,0.3,1.0,10,0,nan,nan,nan,nan,skipped_threshold/window,nan,nan,nan,nan,nan
100000.0,0.1,0.3,1.0,11,0,nan,nan,nan,nan,skipped_threshold/window,nan,nan,nan,nan,nan
100000.0,0.1,0.3,1.0,12,0,nan,nan,nan,nan,skipped_threshold/window,nan,nan,nan,nan,nan
100000.0,0.1,0.3,1.0,13,0,nan,nan,nan,nan,skipped_threshold/window,nan,nan,nan,nan,nan
100000.0,0.1,0.3,1.0,14,0,nan,nan,nan,nan,skipped_threshold/window,nan,nan,nan,nan,nan
100000.0,0.1,0.3,1.0,15,0,nan,nan,nan,nan,skipped_threshold/window,nan,nan,nan,nan,nan
100000.0,0.1,0.3,1.0,16,0,nan,nan,nan,nan,skipped_threshold/window,nan,nan,nan,nan,nan
100000.0,0.1,0.3,1.0,17,0,nan,nan,nan,nan,skipped_threshold/window,nan,nan,nan,nan,nan
100000.0,0.1,0.3,1.0,18,0,nan,nan,nan,nan,skipped_threshold/window,nan,nan,nan,nan,nan
100000.0,0.1,0.3,1.0,19,0,nan,nan,nan,nan,skipped_threshold/window,nan,nan,nan,nan,nan
100000.0,1.0,0.3,1.0,0,0,nan,nan,nan,nan,skipped_threshold/window,nan,nan,nan,nan,nan
100000.0,1.0,0.3,1.0,1,0,nan,nan,nan,nan,skipped_threshold/window,nan,nan,nan,nan,nan
100000.0,1.0,0.3,1.0,2,0,nan,nan,nan,nan,skipped_threshold/window,nan,nan,nan,nan,nan
100000.0,1.0,0.3,1.0,3,0,nan,nan,nan,nan,skipped_threshold/window,nan,nan,nan,nan,nan
100000.0,1.0,0.3,1.0,4,0,nan,nan,nan,nan,skipped_threshold/window,nan,nan,nan,nan,nan
100000.0,1.0,0.3,1.0,5,0,nan,nan,nan,nan,skipped_threshold/window,nan,nan,nan,nan,nan
100000.0,1.0,0.3,1.0,6,0,nan,nan,nan,nan,skipped_threshold/window,nan,nan,nan,nan,nan
100000.0,1.0,0.3,1.0,7,0,nan,nan,nan,nan,skipped_threshold/window,nan,nan,nan,nan,nan
100000.0,1.0,0.3,1.0,8,0,nan,nan,nan,nan,skipped_threshold/window,nan,nan,nan,nan,nan
100000.0,1.0,0.3,1.0,9,0,nan,nan,nan,nan,skipped_threshold/window,nan,nan,nan,nan,nan
100000.0,1.0,0.3,1.0,10,0,nan,nan,nan,nan,skipped_threshold/window,nan,nan,nan,nan,nan
100000.0,1.0,0.3,1.0,11,0,nan,nan,nan,nan,skipped_threshold/window,nan,nan,nan,nan,nan
100000.0,1.0,0.3,1.0,12,0,nan,nan,nan,nan,skipped_threshold/window,nan,nan,nan,nan,nan
100000.0,1.0,0.3,1.0,13,0,nan,nan,nan,nan,skipped_threshold/window,nan,nan,nan,nan,nan
100000.0,1.0,0.3,1.0,14,0,nan,nan,nan,nan,skipped_threshold/window,nan,nan,nan,nan,nan
100000.0,1.0,0.3,1.0,15,0,nan,nan,nan,nan,skipped_threshold/window,nan,nan,nan,nan,nan
100000.0,1.0,0.3,1.0,16,0,nan,nan,nan,nan,skipped_threshold/window,nan,nan,nan,nan,nan
100000.0,1.0,0.3,1.0,17,0,nan,nan,nan,nan,skipped_threshold/window,nan,nan,nan,nan,nan
100000.0,1.0,0.3,1.0,18,0,nan,nan,nan,nan,skipped_threshold/window,nan,nan,nan,nan,nan
100000.0,1.0,0.3,1.0,19,0,nan,nan,nan,nan,skipped_threshold/window,nan,nan,nan,nan,nan
100000.0,10.0,0.3,1.0,0,0,nan,nan,nan,nan,skipped_threshold/window,nan,nan,nan,nan,nan
100000.0,10.0,0.3,1.0,1,0,nan,nan,nan,nan,skipped_threshold/window,nan,nan,nan,nan,nan
100000.0,10.0,0.3,1.0,2,0,nan,nan,nan,nan,skipped_threshold/window,nan,nan,nan,nan,nan
100000.0,10.0,0.3,1.0,3,0,nan,nan,nan,nan,skipped_threshold/window,nan,nan,nan,nan,nan
100000.0,10.0,0.3,1.0,4,0,nan,nan,nan,nan,skipped_threshold/window,nan,nan,nan,nan,nan
100000.0,10.0,0.3,1.0,5,0,nan,nan,nan,nan,skipped_threshold/window,nan,nan,nan,nan,nan
100000.0,10.0,0.3,1.0,6,0,nan,nan,nan,nan,skipped_threshold/window,nan,nan,nan,nan,nan
100000.0,10.0,0.3,1.0,7,0,nan,nan,nan,nan,skipped_threshold/window,nan,nan,nan,nan,nan
100000.0,10.0,0.3,1.0,8,0,nan,nan,nan,nan,skipped_threshold/window,nan,nan,nan,nan,nan
100000.0,10.0,0.3,1.0,9,0,nan,nan,nan,nan,skipped_threshold/window,nan,nan,nan,nan,nan
100000.0,10.0,0.3,1.0,10,0,nan,nan,nan,nan,skipped_threshold/window,nan,nan,nan,nan,nan
100000.0,10.0,0.3,1.0,11,0,nan,nan,nan,nan,skipped_threshold/window,nan,nan,nan,nan,nan
100000.0,10.0,0.3,1.0,12,0,nan,nan,nan,nan,skipped_threshold/window,nan,nan,nan,nan,nan
100000.0,10.0,0.3,1.0,13,0,nan,nan,nan,nan,skipped_threshold/window,nan,nan,nan,nan,nan
100000.0,10.0,0.3,1.0,14,0,nan,nan,nan,nan,skipped_threshold/window,nan,nan,nan,nan,nan
100000.0,10.0,0.3,1.0,15,0,nan,nan,nan,nan,skipped_threshold/window,nan,nan,nan,nan,nan
100000.0,10.0,0.3,1.0,16,0,nan,nan,nan,nan,skipped_threshold/window,nan,nan,nan,nan,nan
100000.0,10.0,0.3,1.0,17,0,nan,nan,nan,nan,skipped_threshold/window,nan,nan,nan,nan,nan
100000.0,10.0,0.3,1.0,18,0,nan,nan,nan,nan,skipped_threshold/window,nan,nan,nan,nan,nan
100000.0,10.0,0.3,1.0,19,0,nan,nan,nan,nan,skipped_threshold/window,nan,nan,nan,nan,nan
200000.0,0.0001,0.3,1.0,0,14,66.03301650825412,144.072036018009,0.09751381215469614,0.512840931714115,ok,0.30804110779482335,22319.725018802597,0.008041107794823366,0.008041107794823366,6.465941456796908e-05
200000.0,0.0001,0.3,1.0,1,14,66.03301650825412,144.072036018009,0.10292524377031419,0.49541500117564075,ok,0.29949776597363326,20512.783058392215,-0.0005022340263667324,0.0005022340263667324,2.522390172405397e-07
200000.0,0.0001,0.3,1.0,2,14,60.03001500750375,138.06903451725861,0.051301115241635685,0.49665600465251525,ok,0.2605899589883317,5375.6322522182945,-0.039410041011668284,0.039410041011668284,0.0015531513325413762
200000.0,0.0001,0.3,1.0,3,14,66.03301650825412,144.072036018009,0.0951830443159923,0.5080213903743316,ok,0.3232963763254196,18616.49864144609,0.023296376325419588,0.023296376325419588,0.0005427211498955703
200000.0,0.0001,0.3,1.0,4,14,66.03301650825412,144.072036018009,0.08973570989551322,0.48977695167286245,ok,0.31945359938695944,17415.391764756023,0.019453599386959453,0.019453599386959453,0.0003784425291083092
200000.0,0.0001,0.3,1.0,5,14,66.03301650825412,144.072036018009,0.10186994138989673,0.494949494949495,ok,0.3117861455958359,19784.809767182607,0.011786145595835906,0.011786145595835906,0.00013891322800624212
200000.0,0.0001,0.3,1.0,6,14,66.03301650825412,144.072036018009,0.09720785935884178,0.4966744562286536,ok,0.31248631992272474,21854.867815626705,0.012486319922724753,0.012486319922724753,0.00015590818521263308
200000.0,0.0001,0.3,1.0,7,14,66.03301650825412,144.072036018009,0.09652076318742986,0.505566114580505,ok,0.28829795585075263,21305.595534960732,-0.01170204414924736,0.01170204414924736,0.00013693783727093434
200000.0,0.0001,0.3,1.0,8,14,66.03301650825412,144.072036018009,0.09635494472662086,0.5037037037037037,ok,0.2975951977021379,21958.383480462184,-0.0024048022978621075,0.0024048022978621075,5.783074091802873e-06
200000.0,0.0001,0.3,1.0,9,14,66.03301650825412,144.072036018009,0.10145110410094638,0.498816949881695,ok,0.3198743580361414,23327.785211315433,0.019874358036141404,0.019874358036141404,0.0003949901073487384
200000.0,0.0001,0.3,1.0,10,14,66.03301650825412,144.072036018009,0.10031720856463125,0.5008423180592992,ok,0.310202263002035,20028.94631589194,0.010202263002035028,0.010202263002035028,0.00010408617036269278
200000.0,0.0001,0.3,1.0,11,14,66.03301650825412,144.072036018009,0.09487560341626439,0.5050085511849499,ok,0.2978383411533038,19880.811369857387,-0.0021616588466961684,0.0021616588466961684,4.672768969499809e-06
200000.0,0.0001,0.3,1.0,12,14,66.03301650825412,144.072036018009,0.10830769230769231,0.5054545454545455,ok,0.28327244084723985,21491.95920200914,-0.01672755915276014,0.01672755915276014,0.00027981123520908955
200000.0,0.0001,0.3,1.0,13,14,66.03301650825412,144.072036018009,0.09825599501712862,0.49261363636363636,ok,0.2977130872484336,20877.82777778737,-0.0022869127515663945,0.0022869127515663945,5.229969933276977e-06
200000.0,0.0001,0.3,1.0,14,14,66.03301650825412,144.072036018009,0.09987852611688487,0.5027092113184829,ok,0.3126734081990143,24125.633815133853,0.012673408199014302,0.012673408199014302,0.00016061527537884293
200000.0,0.0001,0.3,1.0,15,14,66.03301650825412,144.072036018009,0.09657554821267648,0.4963575506989565,ok,0.2959009754583249,21228.183624235717,-0.0040990245416751,0.0040990245416751,1.6802002193254766e-05
200000.0,0.0001,0.3,1.0,16,14,66.03301650825412,144.072036018009,0.0946854001221747,0.49723145071982283,ok,1.0,20576.415379977527,0.7,0.7,0.48999999999999994
200000.0,0.0001,0.3,1.0,17,14,66.03301650825412,144.072036018009,0.10479145122371596,0.5043103448275862,ok,0.29911230890273444,19469.774671795112,-0.0008876910972655527,0.0008876910972655527,7.87995484164521e-07
200000.0,0.0001,0.3,1.0,18,14,66.03301650825412,144.072036018009,0.10420136960947622,0.5088397790055249,ok,0.3204452829834363,23553.32471279141,0.020445282983436286,0.020445282983436286,0.00041800959627278934
200000.0,0.0001,0.3,1.0,19,14,66.03301650825412,144.072036018009,0.10299744897959184,0.5017931034482759,ok,0.28208930690758705,21198.755714786763,-0.017910693092412944,0.017910693092412944,0.0003207929270506087
200000.0,0.001,0.3,1.0,0,14,66.03301650825412,144.072036018009,0.10221424296828246,0.5018656716417911,ok,0.3022593800468469,22843.175114547597,0.0022593800468468928,0.0022593800468468928,5.104798196089867e-06
200000.0,0.001,0.3,1.0,1,14,66.03301650825412,144.072036018009,0.09781684150836405,0.4957163958641064,ok,0.3213429672028216,22539.78164516207,0.02134296720282164,0.02134296720282164,0.00045552224902072015
200000.0,0.001,0.3,1.0,2,14,66.03301650825412,144.072036018009,0.09809992962702323,0.5082561417639951,ok,0.2784470805798113,21235.172169634738,-0.021552919420188665,0.021552919420188665,0.0004645283355331457
200000.0,0.001,0.3,1.0,3,14,66.03301650825412,144.072036018009,0.09991974317817015,0.5114942528735632,ok,0.3115966876539595,20318.718196924932,0.011596687653959492,0.011596687653959492,0.0001344831645434965
200000.0,0.001,0.3,1.0,4,14,66.03301650825412,144.072036018009,0.10086416419119633,0.49642857142857144,ok,0.3154610822730634,22910.943787920714,0.01546108227306342,0.01546108227306342,0.00023904506505443594
200000.0,0.001,0.3,1.0,5,14,66.03301650825412,144.072036018009,0.1047008547008547,0.49782797567332754,ok,0.31294292094823456,24370.11007307058,0.01294292094823457,0.01294292094823457,0.00016751920267224927
200000.0,0.001,0.3,1.0,6,14,66.03301650825412,144.072036018009,0.09783263094521373,0.5007784854918613,ok,0.2473522959266042,21182.49287287805,-0.05264770407339578,0.05264770407339578,0.0027717807441998547
200000.0,0.001,0.3,1.0,7,14,66.03301650825412,144.072036018009,0.09771846749892381,0.5030056234244716,ok,0.2952842266813696,20371.088735804322,-0.0047157733186303785,0.0047157733186303785,2.2238517992706172e-05
200000.0,0.001,0.3,1.0,8,14,66.03301650825412,144.072036018009,0.10498448055504839,0.5033838657282079,ok,0.30376254169160327,25842.521981265912,0.0037625416916032828,0.0037625416916032828,1.4156719981052892e-05
200000.0,0.001,0.3,1.0,9,14,66.03301650825412,144.072036018009,0.0950926102730571,0.49366463715649167,ok,0.31616763319340063,20274.968932897395,0.016167633193400643,0.016167633193400643,0.0002613923630763503
200000.0,0.001,0.3,1.0,10,14,66.03301650825412,144.072036018009,0.10458661992404324,0.5001008674601574,ok,0.2838480225528329,22996.1857592248,-0.016151977447167065,0.016151977447167065,0.0002608863754537935
200000.0,0.001,0.3,1.0,11,14,66.03301650825412,144.072036018009,0.09915696507426736,0.49516162240065886,ok,0.3060849691830935,20190.725876934295,0.006084969183093536,0.006084969183093536,3.7026849959198016e-05
200000.0,0.001,0.3,1.0,12,14,66.03301650825412,144.072036018009,0.10454545454545454,0.4969097651421508,ok,0.39702524804193273,10309.04269167607,0.09702524804193274,0.09702524804193274,0.009413898757598573
200000.0,0.001,0.3,1.0,13,14,66.03301650825412,144.072036018009,0.09805924412665985,0.5089760160850209,ok,0.30473119067934346,20100.258717235127,0.004731190679343467,0.004731190679343467,2.2384165244306493e-05
200000.0,0.001,0.3,1.0,14,14,66.03301650825412,144.072036018009,0.10145353105270885,0.49483891147951203,ok,0.289386617019716,22002.675316178796,-0.01061338298028397,0.01061338298028397,0.00011264389828618144
200000.0,0.001,0.3,1.0,15,14,66.03301650825412,144.072036018009,0.09305896805896806,0.4927947598253275,ok,0.33839358317711876,18068.619350424156,0.03839358317711877,0.03839358317711877,0.0014740672291783377
200000.0,0.001,0.3,1.0,16,14,66.03301650825412,144.072036018009,0.10423501342081717,0.5025260029717682,ok,0.30000143923765765,22164.456285291417,1.4392376576632948e-06,1.4392376576632948e-06,2.0714050352361273e-12
200000.0,0.001,0.3,1.0,17,14,66.03301650825412,144.072036018009,0.0992085152838428,0.49812141585920505,ok,0.31000318650224745,22493.16808080117,0.010003186502247463,0.010003186502247463,0.00010006374019874584
200000.0,0.001,0.3,1.0,18,14,66.03301650825412,144.072036018009,0.10069862683690677,0.5012892135797163,ok,0.28673272125416294,22970.164555825304,-0.013267278745837052,0.013267278745837052,0.00017602068531973958
200000.0,0.001,0.3,1.0,19,14,66.03301650825412,144.072036018009,0.10538800406641817,0.5019640852974186,ok,0.29756248048212686,22617.682633621436,-0.0024375195178731324,0.0024375195178731324,5.941501400012467e-06
200000.0,0.01,0.3,1.0,0,14,66.03301650825412,144.072036018009,0.1039739636861939,0.4988797610156833,ok,0.3022480360224558,21369.920497850064,0.002248036022455824,0.002248036022455824,5.0536659582590015e-06
200000.0,0.01,0.3,1.0,1,14,66.03301650825412,144.072036018009,0.10077145612343298,0.5083612040133779,ok,0.32198824379655855,22856.298085891514,0.02198824379655856,0.02198824379655856,0.000483482865256896
200000.0,0.01,0.3,1.0,2,14,66.03301650825412,144.072036018009,0.10352725606962895,0.49593054801953335,ok,0.24202913806847423,24842.976126747446,-0.05797086193152576,0.05797086193152576,0.0033606208330840223
200000.0,0.01,0.3,1.0,3,14,66.03301650825412,144.072036018009,0.0955068374213154,0.5067098565478945,ok,0.3067352955325375,19647.99394765329,0.006735295532537489,0.006735295532537489,4.5364205910619455e-05
200000.0,0.01,0.3,1.0,4,14,66.03301650825412,144.072036018009,0.10244930208058994,0.5054393305439331,ok,0.30153780107291095,21631.55037984446,0.0015378010729109604,0.0015378010729109604,2.364832139846101e-06
200000.0,0.01,0.3,1.0,5,14,66.03301650825412,144.072036018009,0.09789609274366681,0.49712841718355155,ok,0.3260638626116487,17521.82059656804,0.026063862611648725,0.026063862611648725,0.0006793249342389002
200000.0,0.01,0.3,1.0,6,14,66.03301650825412,144.072036018009,0.10156730178242164,0.4942408376963351,ok,0.3022436007116138,23240.192642746242,0.0022436007116138357,0.0022436007116138357,5.03374415315411e-06
200000.0,0.01,0.3,1.0,7,14,66.03301650825412,144.072036018009,0.09374560787069572,0.5048774057474295,ok,0.32844876961642905,22255.925473961466,0.02844876961642906,0.02844876961642906,0.0008093324926886572
200000.0,0.01,0.3,1.0,8,14,66.03301650825412,144.072036018009,0.0975609756097561,0.4939088061260007,ok,0.28890984064480113,21236.726622628415,-0.011090159355198859,0.011090159355198859,0.00012299163452370477
200000.0,0.01,0.3,1.0,9,14,66.03301650825412,144.072036018009,0.10173945688900013,0.4981151473612063,ok,0.30978991693171926,22183.088781988306,0.009789916931719267,0.009789916931719267,9.584247352996358e-05
200000.0,0.01,0.3,1.0,10,14,66.03301650825412,144.072036018009,0.10177762286510979,0.4905094905094905,ok,0.28200009500712786,22441.16104524094,-0.01799990499287213,0.01799990499287213,0.000323996579752423
200000.0,0.01,0.3,1.0,11,14,66.03301650825412,144.072036018009,0.10423390924625024,0.5023690078037905,ok,0.2876176643927951,22076.87967415491,-0.012382335607204864,0.012382335607204864,0.00015332223508945344
200000.0,0.01,0.3,1.0,12,14,66.03301650825412,144.072036018009,0.11806167400881057,0.4900231347599769,ok,0.35638213545770847,15157.754092829464,0.05638213545770848,0.05638213545770848,0.003178945198771388
200000.0,0.01,0.3,1.0,13,14,66.03301650825412,144.072036018009,0.09938524590163934,0.49212836815016653,ok,0.3056258453960572,18465.80603074895,0.005625845396057205,0.005625845396057205,3.165013642033805e-05
200000.0,0.01,0.3,1.0,14,14,66.03301650825412,144.072036018009,0.09934909215484755,0.4981238273921201,ok,0.3121544123829676,20959.770810741757,0.012154412382967605,0.012154412382967605,0.00014772974037523625
200000.0,0.01,0.3,1.0,15,14,66.03301650825412,144.072036018009,0.10779537149817296,0.497760439242884,ok,0.28548829628978495,22722.482555118193,-0.01451170371021504,0.01451170371021504,0.00021058954457306897
200000.0,0.01,0.3,1.0,16,14,66.03301650825412,144.072036018009,0.10818989975411386,0.47,ok,0.2928364632847081,24916.60865809736,-0.007163536715291907,0.007163536715291907,5.131625827133517e-05
200000.0,0.01,0.3,1.0,17,14,66.03301650825412,144.072036018009,0.1014027378739226,0.5097268618589114,ok,0.2993905287916061,21267.511372493464,-0.0006094712083938858,0.0006094712083938858,3.714551538611034e-07
200000.0,0.01,0.3,1.0,18,14,66.03301650825412,144.072036018009,0.0975991649269311,0.51052768390954,ok,0.27079437782694676,22637.65119577831,-0.029205622173053225,0.029205622173053225,0.0008529683665151382
200000.0,0.01,0.3,1.0,19,14,66.03301650825412,144.072036018009,0.10069984447900467,0.4982137057486197,ok,0.2755689673556359,21470.044978922313,-0.02443103264436408,0.02443103264436408,0.0005968753560699834
200000.0,0.1,0.3,1.0,0,14,66.03301650825412,144.072036018009,0.09422792303897386,0.48028673835125446,ok,1.0,23089.48526529288,0.7,0.7,0.48999999999999994
200000.0,0.1,0.3,1.0,1,14,66.03301650825412,144.072036018009,0.10363101079489696,0.5020180068301769,ok,0.26497420329101695,21413.711649094123,-0.03502579670898304,0.03502579670898304,0.001226806435099007
200000.0,0.1,0.3,1.0,2,14,66.03301650825412,144.072036018009,0.09800128949065119,0.5159075686537173,ok,0.26186975831974063,22289.404140512972,-0.03813024168025936,0.03813024168025936,0.001453915330594988
200000.0,0.1,0.3,1.0,3,14,66.03301650825412,144.072036018009,0.09184940008274721,0.4993382491964454,ok,0.2798132871760957,16896.859850071745,-0.020186712823904274,0.020186712823904274,0.00040750337463478124
200000.0,0.1,0.3,1.0,4,14,66.03301650825412,144.072036018009,0.09376337947766519,0.49582542694497156,ok,0.25854549217353834,20924.62849529694,-0.04145450782646165,0.04145450782646165,0.0017184762191341703
200000.0,0.1,0.3,1.0,5,14,66.03301650825412,144.072036018009,0.0942792623259315,0.49411764705882355,ok,0.3142289473569357,23060.909019365394,0.014228947356935695,0.014228947356935695,0.0002024629428864473
200000.0,0.1,0.3,1.0,6,14,66.03301650825412,144.072036018009,0.09615667795611839,0.49757824143070045,ok,0.23564084256744247,21048.342411267204,-0.06435915743255752,0.06435915743255752,0.004142101145428723
200000.0,0.1,0.3,1.0,7,14,66.03301650825412,144.072036018009,0.0959016393442623,0.48998140879983476,ok,0.2707365607710439,19637.733504586133,-0.02926343922895608,0.02926343922895608,0.0008563488755068056
200000.0,0.1,0.3,1.0,8,14,66.03301650825412,144.072036018009,0.09702940737423496,0.5051044083526682,ok,0.25729620430424754,21822.00649578023,-0.042703795695752444,0.042703795695752444,0.001823614166824565
200000.0,0.1,0.3,1.0,9,14,66.03301650825412,144.072036018009,0.09367894497498863,0.49431674665319525,ok,0.2568554002116195,19932.169897119693,-0.04314459978838048,0.04314459978838048,0.0018614564908995207
200000.0,0.1,0.3,1.0,10,14,66.03301650825412,144.072036018009,0.09915421990282526,0.49879032258064515,ok,0.26242657324939017,20543.538469462015,-0.03757342675060982,0.03757342675060982,0.0014117623977834414
200000.0,0.1,0.3,1.0,11,14,66.03301650825412,144.072036018009,0.09928465712876172,0.5032365452191604,ok,0.25133815888586647,21811.70061958377,-0.04866184111413352,0.04866184111413352,0.002367974780617175
200000.0,0.1,0.3,1.0,12,14,66.03301650825412,144.072036018009,0.09506953223767384,0.48376068376068376,ok,0.2772301268510756,17720.08168381521,-0.02276987314892437,0.02276987314892437,0.0005184671232181069
200000.0,0.1,0.3,1.0,13,14,66.03301650825412,144.072036018009,0.09813084112149532,0.525,ok,0.3019880420173093,15686.509266351572,0.0019880420173092883,0.0019880420173092883,3.952311062587184e-06
200000.0,0.1,0.3,1.0,14,14,66.03301650825412,144.072036018009,0.09292682926829268,0.4987629886194953,ok,0.2792140875420729,18117.895046294783,-0.020785912457927103,0.020785912457927103,0.0004320541567086091
200000.0,0.1,0.3,1.0,15,14,66.03301650825412,144.072036018009,0.09641319942611191,0.49068901303538176,ok,0.26802123716610354,20334.351857376725,-0.031978762833896446,0.031978762833896446,0.0010226412723865967
200000.0,0.1,0.3,1.0,16,14,66.03301650825412,144.072036018009,0.09417106033977739,0.5006353240152478,ok,0.26269306835629236,19596.93515564239,-0.03730693164370763,0.03730693164370763,0.0013918071486682738
200000.0,0.1,0.3,1.0,17,14,66.03301650825412,144.072036018009,0.0912274235164025,0.5056352459016393,ok,0.27409801855040067,18044.715564316168,-0.02590198144959932,0.02590198144959932,0.0006709126430153873
200000.0,0.1,0.3,1.0,18,14,66.03301650825412,144.072036018009,0.101000322684737,0.5022567703109327,ok,0.27685547080407424,18419.730873845616,-0.023144529195925745,0.023144529195925745,0.0005356692317010592
200000.0,0.1,0.3,1.0,19,14,66.03301650825412,144.072036018009,0.09779811266800115,0.5143224384869629,ok,0.2541690844317606,20449.276931253553,-0.04583091556823937,0.04583091556823937,0.002100472821823086
200000.0,1.0,0.3,1.0,0,14,66.03301650825412,144.072036018009,0.0783630822812364,0.5022735540196435,ok,0.15552430156048835,19564.000504097276,-0.14447569843951164,0.14447569843951164,0.020873227439584703
200000.0,1.0,0.3,1.0,1,14,66.03301650825412,144.072036018009,0.08733401430030643,0.5051436679673643,ok,0.1483885771909084,20076.97573328918,-0.1516114228090916,0.1516114228090916,0.02298602352619714
200000.0,1.0,0.3,1.0,2,14,66.03301650825412,144.072036018009,0.08060381657647393,0.5010309278350515,ok,0.1488756380011613,19657.97782535468,-0.1511243619988387,0.1511243619988387,0.02283857278955604
200000.0,1.0,0.3,1.0,3,14,66.03301650825412,144.072036018009,0.08282781147923472,0.5020811654526535,ok,0.14797413750137256,20020.524191978246,-0.15202586249862743,0.15202586249862743,0.023111862868451575
200000.0,1.0,0.3,1.0,4,14,66.03301650825412,144.072036018009,0.0851063829787234,0.5043674274443505,ok,0.1498184320539501,20958.76992415913,-0.1501815679460499,0.1501815679460499,0.022554503350734
200000.0,1.0,0.3,1.0,5,14,66.03301650825412,144.072036018009,0.08997704667176741,0.5024316619151434,ok,0.14738939478161223,20458.58421748866,-0.15261060521838776,0.15261060521838776,0.023289996825122602
200000.0,1.0,0.3,1.0,6,14,66.03301650825412,144.072036018009,0.08411033411033411,0.49003298436827764,ok,0.14907039156598084,19881.35807085899,-0.15092960843401915,0.15092960843401915,0.022779746702046345
200000.0,1.0,0.3,1.0,7,14,66.03301650825412,144.072036018009,0.07800358637178721,0.5172413793103449,ok,0.14956827338907996,19743.471096793026,-0.15043172661092002,0.15043172661092002,0.022629704371142582
200000.0,1.0,0.3,1.0,8,14,66.03301650825412,144.072036018009,0.0793459966338062,0.496168038603463,ok,0.15835078611988643,18730.727919966586,-0.14164921388011356,0.14164921388011356,0.020064499792854157
200000.0,1.0,0.3,1.0,9,14,66.03301650825412,144.072036018009,0.08223602484472049,0.5099489795918367,ok,0.1487855952204293,20028.360615849808,-0.15121440477957068,0.15121440477957068,0.022865796212839847
200000.0,1.0,0.3,1.0,10,14,66.03301650825412,144.072036018009,0.08786919831223629,0.5129112133003184,ok,0.14724806697220416,20726.939375906666,-0.15275193302779583,0.15275193302779583,0.02333315304372822
200000.0,1.0,0.3,1.0,11,14,66.03301650825412,144.072036018009,0.07784730913642053,0.4953993375046007,ok,0.1550701948847811,18804.995868649145,-0.14492980511521888,0.14492980511521888,0.021004648410735325
200000.0,1.0,0.3,1.0,12,14,66.03301650825412,144.072036018009,0.07586206896551724,0.5050173010380623,ok,0.15717816722293618,18249.47135099819,-0.1428218327770638,0.1428218327770638,0.020398075917799578
200000.0,1.0,0.3,1.0,13,14,66.03301650825412,144.072036018009,0.08297297297297297,0.5027191646726126,ok,0.1481113014350942,19356.1684275413,-0.15188869856490578,0.15188869856490578,0.02307017675174081
200000.0,1.0,0.3,1.0,14,14,66.03301650825412,144.072036018009,0.08517034068136273,0.5005590756615729,ok,0.9999999837822051,248.70855388447583,0.6999999837822051,0.6999999837822051,0.4899999772950874
200000.0,1.0,0.3,1.0,15,14,66.03301650825412,144.072036018009,0.0832637148426622,0.5007407407407407,ok,0.1558735109760844,19595.13187692009,-0.1441264890239156,0.1441264890239156,0.02077244483836086
200000.0,1.0,0.3,1.0,16,14,66.03301650825412,144.072036018009,0.08191067425418176,0.4898979795959192,ok,0.1476741033954266,20492.987699770412,-0.15232589660457338,0.15232589660457338,0.02320317877638718
200000.0,1.0,0.3,1.0,17,14,66.03301650825412,144.072036018009,0.08505747126436781,0.49755656108597285,ok,0.14578564695651036,20740.371689290278,-0.15421435304348963,0.15421435304348963,0.023782066684622058
200000.0,1.0,0.3,1.0,18,14,66.03301650825412,144.072036018009,0.07406119610570236,0.4970430107526882,ok,0.148761208904076,20594.524931344717,-0.151238791095924,0.151238791095924,0.02287317193215654
200000.0,1.0,0.3,1.0,19,14,66.03301650825412,144.072036018009,0.0869299051117233,0.5029171528588098,ok,0.15068887527604577,20957.31790815157,-0.14931112472395422,0.14931112472395422,0.022293811966332212
200000.0,10.0,0.3,1.0,0,14,66.03301650825412,144.072036018009,0.0777903043968433,0.3457523919976805,ok,0.9999999758516721,150.9702013171201,0.6999999758516722,0.6999999758516722,0.48999996619234165
200000.0,10.0,0.3,1.0,1,14,66.03301650825412,144.072036018009,0.07184265010351967,0.3222124670763828,ok,0.034503614694885346,35397.13777915437,-0.26549638530511466,0.26549638530511466,0.0704883306100819
200000.0,10.0,0.3,1.0,2,14,66.03301650825412,144.072036018009,0.0746051915048103,0.3522223919352375,ok,0.029277047520821605,40677.22839609449,-0.2707229524791784,0.2707229524791784,0.07329091699904347
200000.0,10.0,0.3,1.0,3,14,66.03301650825412,144.072036018009,0.07236979711357457,0.34227683049147445,ok,0.02958136832462382,40996.12949930551,-0.27041863167537616,0.27041863167537616,0.07312623635718275
200000.0,10.0,0.3,1.0,4,14,66.03301650825412,144.072036018009,0.07237995092884683,0.33310673011556763,ok,0.028708954106171525,41313.09827967785,-0.27129104589382846,0.27129104589382846,0.07359883158216735
200000.0,10.0,0.3,1.0,5,14,66.03301650825412,144.072036018009,0.07993155707650941,0.34295227524972255,ok,0.032487625227310885,39740.54805410074,-0.2675123747726891,0.2675123747726891,0.07156287065652366
200000.0,10.0,0.3,1.0,6,14,66.03301650825412,144.072036018009,0.08057598039215687,0.33748723186925433,ok,0.9999999991175912,168.23985587977094,0.6999999991175911,0.6999999991175911,0.4899999987646276
200000.0,10.0,0.3,1.0,7,14,66.03301650825412,144.072036018009,0.06776462515011152,0.3361308677098151,ok,0.028511490113647973,40807.914904331956,-0.27148850988635204,0.27148850988635204,0.07370601100031186
200000.0,10.0,0.3,1.0,8,14,66.03301650825412,144.072036018009,0.07039597737272156,0.3489246189183546,ok,0.02571481497648283,46922.172774764265,-0.2742851850235172,0.2742851850235172,0.07523236272338506
200000.0,10.0,0.3,1.0,9,14,66.03301650825412,144.072036018009,0.07538569424964937,0.3485054347826087,ok,0.9999999999997542,194.170047567193,0.6999999999997542,0.6999999999997542,0.4899999999996558
200000.0,10.0,0.3,1.0,10,14,66.03301650825412,144.072036018009,0.06934996220710507,0.33243425488873907,ok,0.02852468617129474,41324.64444491564,-0.27147531382870527,0.27147531382870527,0.07369884601839401
200000.0,10.0,0.3,1.0,11,14,66.03301650825412,144.072036018009,0.07574679943100995,0.3465486725663717,ok,0.03185595262979803,36746.05182692954,-0.268144047370202,0.268144047370202,0.07190123014007312
200000.0,10.0,0.3,1.0,12,14,66.03301650825412,144.072036018009,0.06630740393626991,0.3481102585961921,ok,0.03000506557033216,44251.37869310462,-0.2699949344296678,0.2699949344296678,0.07289726461768063
200000.0,10.0,0.3,1.0,13,14,66.03301650825412,144.072036018009,0.06992516370439664,0.3427808584925036,ok,0.026265394832279708,46851.76187524895,-0.2737346051677203,0.2737346051677203,0.07493063406632773
200000.0,10.0,0.3,1.0,14,14,66.03301650825412,144.072036018009,0.06619537275064268,0.33699497300316517,ok,0.025920766324231855,43365.12329640532,-0.27407923367576814,0.27407923367576814,0.07511942633229632
200000.0,10.0,0.3,1.0,15,14,66.03301650825412,144.072036018009,0.07019311502938708,0.3590840463009562,ok,0.030183147623645695,38877.146602392066,-0.2698168523763543,0.2698168523763543,0.07280113382628335
200000.0,10.0,0.3,1.0,16,14,66.03301650825412,144.072036018009,0.06979214079805796,0.3392138656762612,ok,0.029687778848635462,39608.03996830054,-0.27031222115136455,0.27031222115136455,0.07306869690378422
200000.0,10.0,0.3,1.0,17,14,66.03301650825412,144.072036018009,0.07220371763188997,0.3371610845295056,ok,0.03190830394187392,36792.26533407093,-0.26809169605812605,0.26809169605812605,0.07187315749532264
200000.0,10.0,0.3,1.0,18,14,66.03301650825412,144.072036018009,0.07777777777777778,0.32708177044261066,ok,0.031040260981173178,39400.4062987082,-0.2689597390188268,0.2689597390188268,0.07233934121307542
200000.0,10.0,0.3,1.0,19,14,66.03301650825412,144.072036018009,0.07385328696804107,0.3473383194016718,ok,0.02876599809251772,41883.27897451736,-0.27123400190748226,0.27123400190748226,0.07356788379074809
500000.0,0.0001,0.3,1.0,0,14,42.021010505252626,120.0600300150075,0.11934534755424789,0.4957296695135537,ok,1.0,31367.71668018847,0.7,0.7,0.48999999999999994
500000.0,0.0001,0.3,1.0,1,14,42.021010505252626,120.0600300150075,0.12348632082523546,0.506139489194499,ok,1.0,32889.28264277065,0.7,0.7,0.48999999999999994
500000.0,0.0001,0.3,1.0,2,14,42.021010505252626,120.0600300150075,0.1251744348311471,0.5023551319969328,ok,1.0,33482.51577533126,0.7,0.7,0.48999999999999994
500000.0,0.0001,0.3,1.0,3,14,36.01800900450225,114.05702851425713,0.09,0.5009991435912076,ok,0.7062576305107685,472.6689683359048,0.4062576305107685,0.4062576305107685,0.16504526234822411
500000.0,0.0001,0.3,1.0,4,14,42.021010505252626,120.0600300150075,0.11780495079033701,0.49484335473827595,ok,1.0,30804.755560726328,0.7,0.7,0.48999999999999994
500000.0,0.0001,0.3,1.0,5,14,42.021010505252626,120.0600300150075,0.11494845360824742,0.49421753769579857,ok,1.0,29857.6742356537,0.7,0.7,0.48999999999999994
500000.0,0.0001,0.3,1.0,6,14,42.021010505252626,120.0600300150075,0.12504113195129976,0.4988610478359909,ok,1.0,33502.49035256084,0.7,0.7,0.48999999999999994
500000.0,0.0001,0.3,1.0,7,14,42.021010505252626,120.0600300150075,0.12215111709891097,0.5056390977443609,ok,1.0,32325.60767827349,0.7,0.7,0.48999999999999994
500000.0,0.0001,0.3,1.0,8,14,42.021010505252626,120.0600300150075,0.1256309590577678,0.49673344947735193,ok,0.6203080170664925,33503.174340640515,0.32030801706649253,0.32030801706649253,0.10259722579706847
500000.0,0.0001,0.3,1.0,9,14,42.021010505252626,120.0600300150075,0.1258426966292135,0.49205932537078356,ok,1.0,33653.81252934342,0.7,0.7,0.48999999999999994
500000.0,0.0001,0.3,1.0,10,14,42.021010505252626,120.0600300150075,0.11819764910753157,0.5018712574850299,ok,1.0,31022.573083670242,0.7,0.7,0.48999999999999994
500000.0,0.0001,0.3,1.0,11,14,42.021010505252626,120.0600300150075,0.12565055762081784,0.4939759036144578,ok,1.0,33720.31355215735,0.7,0.7,0.48999999999999994
500000.0,0.0001,0.3,1.0,12,14,42.021010505252626,120.0600300150075,0.11976202793585101,0.49894270466216895,ok,1.0,31535.555562250625,0.7,0.7,0.48999999999999994
500000.0,0.0001,0.3,1.0,13,14,42.021010505252626,120.0600300150075,0.1132596685082873,0.4926866820631255,ok,1.0,29474.228162770538,0.7,0.7,0.48999999999999994
500000.0,0.0001,0.3,1.0,14,14,42.021010505252626,120.0600300150075,0.12463126843657817,0.4913683445393422,ok,1.0,33545.38549339693,0.7,0.7,0.48999999999999994
500000.0,0.0001,0.3,1.0,15,14,42.021010505252626,120.0600300150075,0.12876404494382024,0.5188857412653447,ok,1.0,34716.94883583523,0.7,0.7,0.48999999999999994
500000.0,0.0001,0.3,1.0,16,14,42.021010505252626,120.0600300150075,0.12101210121012101,0.4982891360136869,ok,1.0,31945.281428238497,0.7,0.7,0.48999999999999994
500000.0,0.0001,0.3,1.0,17,14,42.021010505252626,120.0600300150075,0.1236036036036036,0.5165109034267913,ok,1.0,32835.08276841126,0.7,0.7,0.48999999999999994
500000.0,0.0001,0.3,1.0,18,14,42.021010505252626,120.0600300150075,0.1147209490428687,0.49938800489596086,ok,0.8499704676032249,29791.543103875025,0.5499704676032249,0.5499704676032249,0.3024675152357098
500000.0,0.0001,0.3,1.0,19,14,42.021010505252626,120.0600300150075,0.1217359985593373,0.47633136094674555,ok,1.0,32171.30373888123,0.7,0.7,0.48999999999999994
500000.0,0.001,0.3,1.0,0,14,42.021010505252626,120.0600300150075,0.11898344243357721,0.513898080741231,ok,1.0,31215.64964916194,0.7,0.7,0.48999999999999994
500000.0,0.001,0.3,1.0,1,14,42.021010505252626,120.0600300150075,0.11549942594718714,0.4973464746019712,ok,0.9991551851192284,30038.405875285203,0.6991551851192284,0.6991551851192284,0.4888179728791025
500000.0,0.001,0.3,1.0,2,14,42.021010505252626,120.0600300150075,0.11338270574736622,0.49381431379350216,ok,1.0,29370.05287439674,0.7,0.7,0.48999999999999994
500000.0,0.001,0.3,1.0,3,14,42.021010505252626,120.0600300150075,0.12103219913222196,0.4938679895273529,ok,1.0,31969.116657285263,0.7,0.7,0.48999999999999994
500000.0,0.001,0.3,1.0,4,14,42.021010505252626,120.0600300150075,0.1133472125838538,0.5026910656620022,ok,1.0,29320.860473744036,0.7,0.7,0.48999999999999994
500000.0,0.001,0.3,1.0,5,14,42.021010505252626,120.0600300150075,0.1180695847362514,0.4937230653925426,ok,1.0,30906.419188654123,0.7,0.7,0.48999999999999994
500000.0,0.001,0.3,1.0,6,14,42.021010505252626,120.0600300150075,0.11059403230221736,0.4940755644980997,ok,1.0,28500.219703224662,0.7,0.7,0.48999999999999994
500000.0,0.001,0.3,1.0,7,14,42.021010505252626,120.0600300150075,0.12161557395390468,0.4986351228389445,ok,1.0,32185.584567535298,0.7,0.7,0.48999999999999994
500000.0,0.001,0.3,1.0,8,14,42.021010505252626,120.0600300150075,0.12378868396373867,0.5027916964924839,ok,1.0,32794.75717689124,0.7,0.7,0.48999999999999994
500000.0,0.001,0.3,1.0,9,14,42.021010505252626,120.0600300150075,0.1287001287001287,0.49957791659631945,ok,1.0,34665.80159512841,0.7,0.7,0.48999999999999994
500000.0,0.001,0.3,1.0,10,14,42.021010505252626,120.0600300150075,0.11837635869565218,0.5001577784790154,ok,1.0,31008.565980897176,0.7,0.7,0.48999999999999994
500000.0,0.001,0.3,1.0,11,14,42.021010505252626,120.0600300150075,0.11431973801726704,0.4961416250567408,ok,1.0,29687.524440293102,0.7,0.7,0.48999999999999994
500000.0,0.001,0.3,1.0,12,14,42.021010505252626,120.0600300150075,0.13577894235350166,0.49506172839506174,ok,1.0,37307.021671846924,0.7,0.7,0.48999999999999994
500000.0,0.001,0.3,1.0,13,14,42.021010505252626,120.0600300150075,0.11939089583670824,0.493744787322769,ok,1.0,31371.18848356537,0.7,0.7,0.48999999999999994
500000.0,0.001,0.3,1.0,14,14,42.021010505252626,120.0600300150075,0.11733231416013759,0.5003878975950349,ok,0.9467077929063566,30644.930836143703,0.6467077929063567,0.6467077929063567,0.41823096940581117
500000.0,0.001,0.3,1.0,15,14,42.021010505252626,120.0600300150075,0.1308476960956736,0.49683649683649683,ok,1.0,35410.93373893977,0.7,0.7,0.48999999999999994
500000.0,0.001,0.3,1.0,16,14,42.021010505252626,120.0600300150075,0.12303324263575062,0.4844429575108732,ok,1.0,32659.82411596794,0.7,0.7,0.48999999999999994
500000.0,0.001,0.3,1.0,17,14,42.021010505252626,120.0600300150075,0.12487549800796813,0.5190502484815019,ok,1.0,33306.072865313254,0.7,0.7,0.48999999999999994
500000.0,0.001,0.3,1.0,18,14,42.021010505252626,120.0600300150075,0.12307692307692308,0.4978393950306086,ok,1.0,32677.22800925272,0.7,0.7,0.48999999999999994
500000.0,0.001,0.3,1.0,19,14,42.021010505252626,120.0600300150075,0.11992567181246426,0.4945262363155908,ok,1.0,31535.393220520706,0.7,0.7,0.48999999999999994
500000.0,0.01,0.3,1.0,0,14,42.021010505252626,120.0600300150075,0.10987302409950764,0.4980237154150198,ok,0.6156334169877898,28185.580797714516,0.31563341698778985,0.31563341698778985,0.09962445391938803
500000.0,0.01,0.3,1.0,1,14,42.021010505252626,120.0600300150075,0.11706380937150168,0.4856512141280353,ok,1.0,30239.82472533761,0.7,0.7,0.48999999999999994
500000.0,0.01,0.3,1.0,2,14,42.021010505252626,120.0600300150075,0.12395293179098524,0.5114312558722205,ok,0.5494269211100294,32943.15775859733,0.24942692111002945,0.24942692111002945,0.062213788974428856
500000.0,0.01,0.3,1.0,3,14,42.021010505252626,120.0600300150075,0.13216957605985039,0.5055079559363526,ok,0.5753454106271855,35728.317319697235,0.2753454106271855,0.2753454106271855,0.07581509515345339
500000.0,0.01,0.3,1.0,4,14,42.021010505252626,120.0600300150075,0.11783383312753572,0.5047521191882867,ok,1.0,30706.030773676164,0.7,0.7,0.48999999999999994
500000.0,0.01,0.3,1.0,5,14,42.021010505252626,120.0600300150075,0.1186563908681111,0.5014938113529663,ok,0.6051907396177549,31111.69584101413,0.30519073961775495,0.30519073961775495,0.0931413875484323
500000.0,0.01,0.3,1.0,6,14,42.021010505252626,120.0600300150075,0.1112551306977749,0.5056842105263157,ok,1.0,28179.788232184856,0.7,0.7,0.48999999999999994
500000.0,0.01,0.3,1.0,7,14,42.021010505252626,120.0600300150075,0.12764084507042253,0.5049042503503036,ok,1.0,33829.30849777559,0.7,0.7,0.48999999999999994
500000.0,0.01,0.3,1.0,8,14,42.021010505252626,120.0600300150075,0.11920432938423285,0.5001211533801793,ok,0.583126360567856,31317.050067826123,0.28312636056785606,0.28312636056785606,0.08016053604839964
500000.0,0.01,0.3,1.0,9,14,42.021010505252626,120.0600300150075,0.12234042553191489,0.5019968051118211,ok,0.5897724182052672,32306.96906026427,0.28977241820526717,0.28977241820526717,0.08396805435252826
500000.0,0.01,0.3,1.0,10,14,42.021010505252626,120.0600300150075,0.12036667995217218,0.5054031587697423,ok,1.0,31357.923604252945,0.7,0.7,0.48999999999999994
500000.0,0.01,0.3,1.0,11,14,42.021010505252626,120.0600300150075,0.12247389122473891,0.5022132054592401,ok,1.0,32220.793972381918,0.7,0.7,0.48999999999999994
500000.0,0.01,0.3,1.0,12,14,42.021010505252626,120.0600300150075,0.12495789828224992,0.5057920648711266,ok,1.0,32960.67812717156,0.7,0.7,0.48999999999999994
500000.0,0.01,0.3,1.0,13,14,42.021010505252626,120.0600300150075,0.115633423180593,0.5052179251074279,ok,0.9999987824240403,29824.579300872614,0.6999987824240403,0.6999987824240403,0.48999829539513895
500000.0,0.01,0.3,1.0,14,14,42.021010505252626,120.0600300150075,0.1174496644295302,0.49589260669204566,ok,1.0,29789.52571883156,0.7,0.7,0.48999999999999994
500000.0,0.01,0.3,1.0,15,14,42.021010505252626,120.0600300150075,0.13025594149908593,0.4876916868442292,ok,1.0,34624.717467326576,0.7,0.7,0.48999999999999994
500000.0,0.01,0.3,1.0,16,14,42.021010505252626,120.0600300150075,0.12140823194408491,0.4995,ok,0.9999999999999927,31988.361204503857,0.6999999999999926,0.6999999999999926,0.48999999999998967
500000.0,0.01,0.3,1.0,17,14,42.021010505252626,120.0600300150075,0.1248894783377542,0.5049487133345331,ok,1.0,33093.7010577189,0.7,0.7,0.48999999999999994
500000.0,0.01,0.3,1.0,18,14,42.021010505252626,120.0600300150075,0.11388789717957873,0.5010469011725294,ok,0.6050084127511766,29490.241967231454,0.30500841275117657,0.30500841275117657,0.09303013184899209
500000.0,0.01,0.3,1.0,19,14,42.021010505252626,120.0600300150075,0.11693811074918567,0.48682328907048006,ok,1.0,29926.997590305124,0.7,0.7,0.48999999999999994
500000.0,0.1,0.3,1.0,0,14,42.021010505252626,120.0600300150075,0.11586608442503639,0.4972420287905287,ok,0.35449513824934475,29743.40204677571,0.054495138249344766,0.054495138249344766,0.002969720092815199
500000.0,0.1,0.3,1.0,1,14,42.021010505252626,120.0600300150075,0.11088877772219444,0.4885530117803956,ok,0.37491948513640144,28002.34730650342,0.07491948513640145,0.07491948513640145,0.005612929253103478
500000.0,0.1,0.3,1.0,2,14,42.021010505252626,120.0600300150075,0.10947340211711108,0.5004926108374385,ok,0.3671030098629684,27822.81089192074,0.06710300986296841,0.06710300986296841,0.004502813932669636
500000.0,0.1,0.3,1.0,3,14,42.021010505252626,120.0600300150075,0.10999489187808616,0.5013801756587202,ok,0.3501701217263438,27538.58560791334,0.05017012172634383,0.05017012172634383,0.002517041114036157
500000.0,0.1,0.3,1.0,4,14,42.021010505252626,120.0600300150075,0.10717631628255574,0.4935845379243138,ok,0.35601618246630323,26912.23065574313,0.056016182466303244,0.056016182466303244,0.003137812698098179
500000.0,0.1,0.3,1.0,5,14,42.021010505252626,120.0600300150075,0.10730253353204174,0.5032116788321168,ok,0.3771225010349222,26987.787189961065,0.07712250103492219,0.07712250103492219,0.005947880165881574
500000.0,0.1,0.3,1.0,6,14,42.021010505252626,120.0600300150075,0.11151803698956235,0.49798948345190225,ok,0.3531014014042342,28253.206945067875,0.053101401404234194,0.053101401404234194,0.0028197588310936053
500000.0,0.1,0.3,1.0,7,14,42.021010505252626,120.0600300150075,0.10960757780784844,0.49547374773687386,ok,0.37629854714150923,27410.875155165875,0.07629854714150924,0.07629854714150924,0.005821468295905108
500000.0,0.1,0.3,1.0,8,14,42.021010505252626,120.0600300150075,0.10987110971392644,0.5005841121495327,ok,0.4299986801998494,27788.208002779054,0.1299986801998494,0.1299986801998494,0.016899656853702715
500000.0,0.1,0.3,1.0,9,14,42.021010505252626,120.0600300150075,0.11515513126491647,0.49941051638764444,ok,0.35506857109765616,29186.405113799738,0.05506857109765617,0.05506857109765617,0.0030325475227376128
500000.0,0.1,0.3,1.0,10,14,42.021010505252626,120.0600300150075,0.11282597126130921,0.503693754197448,ok,0.36584459630311844,28220.021032405733,0.06584459630311845,0.06584459630311845,0.00433551086232064
500000.0,0.1,0.3,1.0,11,14,42.021010505252626,120.0600300150075,0.11056338028169015,0.494949494949495,ok,0.35424670944872655,27717.61020191746,0.05424670944872656,0.05424670944872656,0.0029427054860145596
500000.0,0.1,0.3,1.0,12,14,42.021010505252626,120.0600300150075,0.11214953271028037,0.5002839295854627,ok,0.35168572865000647,28918.92762910589,0.05168572865000648,0.05168572865000648,0.0026714145460821005
500000.0,0.1,0.3,1.0,13,14,42.021010505252626,120.0600300150075,0.10375771172181716,0.5028117763810784,ok,0.37664484730290765,26139.873468779413,0.07664484730290766,0.07664484730290766,0.005874432618086032
500000.0,0.1,0.3,1.0,14,14,42.021010505252626,120.0600300150075,0.10547667342799188,0.50093399750934,ok,1.0,24953.676158357554,0.7,0.7,0.48999999999999994
500000.0,0.1,0.3,1.0,15,14,42.021010505252626,120.0600300150075,0.10993657505285412,0.5084946661398657,ok,0.34845815535668123,27977.53383576113,0.04845815535668124,0.04845815535668124,0.002348192820572255
500000.0,0.1,0.3,1.0,16,14,42.021010505252626,120.0600300150075,0.10416951469583048,0.4923533439853915,ok,0.38467413804833583,25804.600060217646,0.08467413804833585,0.08467413804833585,0.007169709654228636
500000.0,0.1,0.3,1.0,17,14,42.021010505252626,120.0600300150075,0.11394829237152888,0.5053405708282263,ok,0.37342639282543544,28701.020830774145,0.07342639282543545,0.07342639282543545,0.005391435163355158
500000.0,0.1,0.3,1.0,18,14,42.021010505252626,120.0600300150075,0.11328745367919534,0.4845309381237525,ok,0.35989035813273146,29022.965151907494,0.05989035813273147,0.05989035813273147,0.0035868549972668346
500000.0,0.1,0.3,1.0,19,14,42.021010505252626,120.0600300150075,0.10446290299873293,0.4988742360887745,ok,0.3796416356987626,26051.31878601032,0.07964163569876259,0.07964163569876259,0.006342790136774416
500000.0,1.0,0.3,1.0,0,14,42.021010505252626,120.0600300150075,0.08930700940771168,0.48550342646283606,ok,0.2463587667926603,22263.159321034396,-0.053641233207339684,0.053641233207339684,0.0028773819000042014
500000.0,1.0,0.3,1.0,1,14,42.021010505252626,120.0600300150075,0.10255920550038197,0.5046851165831335,ok,0.23519985225948145,25487.215900631356,-0.06480014774051854,0.06480014774051854,0.00419905914719303
500000.0,1.0,0.3,1.0,2,14,42.021010505252626,120.0600300150075,0.10083315530869473,0.49461684610512985,ok,0.2255108628468311,24104.961465135013,-0.07448913715316888,0.07448913715316888,0.005548631553823604
500000.0,1.0,0.3,1.0,3,14,42.021010505252626,120.0600300150075,0.09994834710743801,0.4825918762088975,ok,0.23186870058161232,25471.372730446114,-0.06813129941838766,0.06813129941838766,0.004641873960437992
500000.0,1.0,0.3,1.0,4,14,42.021010505252626,120.0600300150075,0.0894932589493259,0.503448275862069,ok,0.24705404445265966,21909.113243997304,-0.05294595554734033,0.05294595554734033,0.002803274208820938
500000.0,1.0,0.3,1.0,5,14,42.021010505252626,120.0600300150075,0.09845501363223266,0.5004881223560039,ok,0.2383106379384104,24835.98076731688,-0.06168936206158959,0.06168936206158959,0.003805577391565889
500000.0,1.0,0.3,1.0,6,14,42.021010505252626,120.0600300150075,0.09706959706959707,0.5061619718309859,ok,0.24635828231827908,24019.137652488982,-0.05364171768172091,0.05364171768172091,0.0028774338758454495
500000.0,1.0,0.3,1.0,7,14,42.021010505252626,120.0600300150075,0.09782927544734527,0.5072543115247742,ok,0.2434731226982867,24765.038049699153,-0.056526877301713296,0.056526877301713296,0.00319528785748295
500000.0,1.0,0.3,1.0,8,14,42.021010505252626,120.0600300150075,0.09658520254435889,0.5035520267446719,ok,0.24075577989214422,24363.009310483896,-0.059244220107855766,0.059244220107855766,0.0035098776161880613
500000.0,1.0,0.3,1.0,9,14,42.021010505252626,120.0600300150075,0.099935107073329,0.49266113592852584,ok,0.23903378470771858,25334.05285148505,-0.06096621529228141,0.06096621529228141,0.003716879407064808
500000.0,1.0,0.3,1.0,10,14,42.021010505252626,120.0600300150075,0.09755635537033529,0.49842271293375395,ok,0.24102102623977648,24500.619020072965,-0.05897897376022351,0.05897897376022351,0.0034785193458091337
500000.0,1.0,0.3,1.0,11,14,42.021010505252626,120.0600300150075,0.10066977877004263,0.5020644095788604,ok,0.23582704834148918,24640.621891519837,-0.06417295165851081,0.06417295165851081,0.004118167724565565
500000.0,1.0,0.3,1.0,12,14,42.021010505252626,120.0600300150075,0.09281494187154564,0.4992956329241296,ok,0.2512148879238072,22516.062566160013,-0.048785112076192794,0.048785112076192794,0.002379987160286692
500000.0,1.0,0.3,1.0,13,14,42.021010505252626,120.0600300150075,0.09955120359037127,0.51931330472103,ok,0.23689557886436352,24392.13310259573,-0.06310442113563647,0.06310442113563647,0.003982167966863763
500000.0,1.0,0.3,1.0,14,14,42.021010505252626,120.0600300150075,0.09667721518987342,0.5072178477690289,ok,0.24006457087556426,23085.694735301568,-0.059935429124435724,0.059935429124435724,0.003592255664330258
500000.0,1.0,0.3,1.0,15,14,42.021010505252626,120.0600300150075,0.0970315991062879,0.5018126311772563,ok,0.23007502751429548,24422.45035929861,-0.0699249724857045,0.0699249724857045,0.0048895017771265325
500000.0,1.0,0.3,1.0,16,14,42.021010505252626,120.0600300150075,0.09853658536585366,0.5001203948952564,ok,0.22788176744366517,25147.783616054057,-0.07211823255633482,0.07211823255633482,0.005201039467049591
500000.0,1.0,0.3,1.0,17,14,42.021010505252626,120.0600300150075,0.09854077253218885,0.507492795389049,ok,0.2342342421014092,24382.734338518996,-0.0657657578985908,0.0657657578985908,0.004325134911976058
500000.0,1.0,0.3,1.0,18,14,42.021010505252626,120.0600300150075,0.09965573473455336,0.5217391304347826,ok,0.2263657575504115,24571.534165031266,-0.0736342424495885,0.0736342424495885,0.00542200166112478
500000.0,1.0,0.3,1.0,19,14,42.021010505252626,120.0600300150075,0.09278989098116948,0.5048810250152532,ok,0.23771924713783188,23231.74033567276,-0.06228075286216811,0.06228075286216811,0.0038788921770784614
500000.0,10.0,0.3,1.0,0,14,42.021010505252626,120.0600300150075,0.09016086793864572,0.4541332403208929,ok,0.09798145346625671,46462.209977417195,-0.2020185465337433,0.2020185465337433,0.04081149314360621
500000.0,10.0,0.3,1.0,1,14,42.021010505252626,120.0600300150075,0.08892045454545454,0.45289306270827023,ok,0.10909353379221547,37338.14777385267,-0.1909064662077845,0.1909064662077845,0.036445278839943966
500000.0,10.0,0.3,1.0,2,14,42.021010505252626,120.0600300150075,0.09247338450111414,0.44982526210683976,ok,0.13328616285755368,27772.66888429144,-0.1667138371424463,0.1667138371424463,0.02779350349475811
500000.0,10.0,0.3,1.0,3,14,42.021010505252626,120.0600300150075,0.099232012934519,0.4467005076142132,ok,0.12963810015839516,34577.98101051016,-0.17036189984160482,0.17036189984160482,0.029023176917640996
500000.0,10.0,0.3,1.0,4,14,42.021010505252626,120.0600300150075,0.0915310650887574,0.45502861815208506,ok,0.08633791394465824,41880.25191008855,-0.21366208605534176,0.21366208605534176,0.04565148701752027
500000.0,10.0,0.3,1.0,5,14,42.021010505252626,120.0600300150075,0.08936076089360762,0.44720734506503446,ok,0.13369488436073002,33119.05783242751,-0.16630511563926997,0.16630511563926997,0.027657391487790957
500000.0,10.0,0.3,1.0,6,14,42.021010505252626,120.0600300150075,0.0927494615936827,0.4465345102011286,ok,0.1359678480017684,29021.51329892115,-0.1640321519982316,0.1640321519982316,0.026906546889170952
500000.0,10.0,0.3,1.0,7,14,42.021010505252626,120.0600300150075,0.09327548806941431,0.4523930323017081,ok,0.10487360069603507,44189.514335403626,-0.19512639930396491,0.19512639930396491,0.038074311705330356
500000.0,10.0,0.3,1.0,8,14,42.021010505252626,120.0600300150075,0.09076148725442441,0.4577407002188184,ok,0.14301185513120654,28135.244693541237,-0.15698814486879345,0.15698814486879345,0.02464527762934528
500000.0,10.0,0.3,1.0,9,14,42.021010505252626,120.0600300150075,0.0954028670291646,0.4504881450488145,ok,0.13708594774980715,33259.78885136488,-0.16291405225019284,0.16291405225019284,0.026540988420578563
500000.0,10.0,0.3,1.0,10,14,42.021010505252626,120.0600300150075,0.09194425560842964,0.4492939666238768,ok,0.1316376321029948,31077.091987162134,-0.16836236789700518,0.16836236789700518,0.02834588692388652
500000.0,10.0,0.3,1.0,11,14,42.021010505252626,120.0600300150075,0.08579367836054186,0.44883966244725737,ok,0.112579838925027,39887.13320855423,-0.187420161074973,0.187420161074973,0.03512631677736883
500000.0,10.0,0.3,1.0,12,14,42.021010505252626,120.0600300150075,0.08227589029881294,0.4505928853754941,ok,0.10206117184477376,46999.61864218049,-0.19793882815522623,0.19793882815522623,0.03917977969146418
500000.0,10.0,0.3,1.0,13,14,42.021010505252626,120.0600300150075,0.09545875810936053,0.44786494538232374,ok,0.08934555138248645,49839.71722874106,-0.21065444861751353,0.21065444861751353,0.04437529672234865
500000.0,10.0,0.3,1.0,14,14,42.021010505252626,120.0600300150075,0.09237875288683603,0.4356929212362911,ok,0.11185572801062672,37129.79954041339,-0.18814427198937328,0.18814427198937328,0.03539826708241127
500000.0,10.0,0.3,1.0,15,14,42.021010505252626,120.0600300150075,0.08855955178022773,0.44740781058647433,ok,0.1459191547727158,29691.546849190596,-0.15408084522728419,0.15408084522728419,0.023740906865954304
500000.0,10.0,0.3,1.0,16,14,42.021010505252626,120.0600300150075,0.09024676850763808,0.4626606460576589,ok,0.09999084869494121,38624.09302828374,-0.20000915130505878,0.20000915130505878,0.040003660605769896
500000.0,10.0,0.3,1.0,17,14,42.021010505252626,120.0600300150075,0.09318637274549098,0.4562293274531422,ok,0.12645912247836247,33433.121471772596,-0.17354087752163752,0.17354087752163752,0.030116436170979994
500000.0,10.0,0.3,1.0,18,14,42.021010505252626,120.0600300150075,0.1,0.4512126339537507,ok,0.051304835121712175,97138.02922734477,-0.2486951648782878,0.2486951648782878,0.061849285033838755
500000.0,10.0,0.3,1.0,19,14,42.021010505252626,120.0600300150075,0.09278350515463918,0.45340934005700506,ok,0.11646931617168303,38418.14624932547,-0.18353068382831694,0.18353068382831694,0.03368351190648964
1000000.0,0.0001,0.3,1.0,0,14,36.01800900450225,114.05702851425713,0.08423739629865985,0.52,ok,1.0,19601.510741734714,0.7,0.7,0.48999999999999994
1000000.0,0.0001,0.3,1.0,1,14,36.01800900450225,114.05702851425713,0.07815275310834814,0.49504823151125404,ok,0.5631018096154876,18575.84172955353,0.2631018096154876,0.2631018096154876,0.0692225622229443
1000000.0,0.0001,0.3,1.0,2,14,36.01800900450225,114.05702851425713,0.0832969908416921,0.5072914641259965,ok,0.5527182595190131,19977.16207027727,0.2527182595190131,0.2527182595190131,0.06386651869431927
1000000.0,0.0001,0.3,1.0,3,14,36.01800900450225,114.05702851425713,0.08469994593620472,0.5037420840529648,ok,0.5220639456085967,20402.310389058457,0.2220639456085967,0.2220639456085967,0.0493123959392578
1000000.0,0.0001,0.3,1.0,4,14,36.01800900450225,114.05702851425713,0.0803958634493495,0.5016576513697435,ok,1.0,19037.004926093177,0.7,0.7,0.48999999999999994
1000000.0,0.0001,0.3,1.0,5,14,36.01800900450225,114.05702851425713,0.08877520312970208,0.4994255074684029,ok,0.5246864671370896,21524.758911448625,0.22468646713708956,0.22468646713708956,0.05048400851454643
1000000.0,0.0001,0.3,1.0,6,14,36.01800900450225,114.05702851425713,0.08050684756175605,0.5027967681789932,ok,1.0,18912.92732836519,0.7,0.7,0.48999999999999994
1000000.0,0.0001,0.3,1.0,7,14,36.01800900450225,114.05702851425713,0.08700076316458916,0.49622560888762285,ok,0.5367274344695455,21012.477062736616,0.23672743446954553,0.23672743446954553,0.05603987823053297
1000000.0,0.0001,0.3,1.0,8,14,36.01800900450225,114.05702851425713,0.08381897086174829,0.49767801857585137,ok,0.5239466908109567,20167.77145187095,0.2239466908109567,0.2239466908109567,0.05015212032517823
1000000.0,0.0001,0.3,1.0,9,14,36.01800900450225,114.05702851425713,0.08667496886674969,0.5088790233074362,ok,0.5586739424911633,20987.975119655122,0.2586739424911633,0.2586739424911633,0.06691220852392167
1000000.0,0.0001,0.3,1.0,10,14,36.01800900450225,114.05702851425713,0.07991014120667522,0.49798657718120803,ok,0.5809636151975686,19007.136744838655,0.2809636151975686,0.2809636151975686,0.07894055306488738
1000000.0,0.0001,0.3,1.0,11,14,36.01800900450225,114.05702851425713,0.08823529411764706,0.5048897411313519,ok,0.5508275060314713,21409.69635073148,0.25082750603147136,0.25082750603147136,0.0629144377819678
1000000.0,0.0001,0.3,1.0,12,14,36.01800900450225,114.05702851425713,0.08603324839218542,0.49717969379532634,ok,0.5360402550580691,20793.83911099641,0.23604025505806908,0.23604025505806908,0.05571500200787831
1000000.0,0.0001,0.3,1.0,13,14,36.01800900450225,114.05702851425713,0.08366533864541832,0.503019458734064,ok,1.0,19904.196919634298,0.7,0.7,0.48999999999999994
1000000.0,0.0001,0.3,1.0,14,14,36.01800900450225,114.05702851425713,0.08926144086995923,0.5023334747560458,ok,1.0,21180.043429804366,0.7,0.7,0.48999999999999994
1000000.0,0.0001,0.3,1.0,15,14,36.01800900450225,114.05702851425713,0.0848620990889804,0.49337748344370863,ok,0.5684784753354478,20446.81436245817,0.26847847533544783,0.26847847533544783,0.07208069171844667
1000000.0,0.0001,0.3,1.0,16,14,36.01800900450225,114.05702851425713,0.08649749953695128,0.49396642182581324,ok,0.5240034059933578,20869.08897934452,0.22400340599335783,0.22400340599335783,0.0501775258966251
1000000.0,0.0001,0.3,1.0,17,14,36.01800900450225,114.05702851425713,0.08006487761722206,0.48761609907120745,ok,0.5663262797278371,18960.17501149763,0.2663262797278371,0.2663262797278371,0.07092968727367015
1000000.0,0.0001,0.3,1.0,18,14,36.01800900450225,114.05702851425713,0.08048289738430583,0.49836358226718236,ok,1.0,19139.60468210026,0.7,0.7,0.48999999999999994
1000000.0,0.0001,0.3,1.0,19,14,36.01800900450225,114.05702851425713,0.08641652503595242,0.5072432432432432,ok,1.0,20519.27015785744,0.7,0.7,0.48999999999999994
1000000.0,0.001,0.3,1.0,0,14,36.01800900450225,114.05702851425713,0.08353269537480064,0.4955587688494113,ok,0.521321876443622,20098.687685844714,0.22132187644362206,0.22132187644362206,0.048983372992525906
1000000.0,0.001,0.3,1.0,1,14,36.01800900450225,114.05702851425713,0.09888357256778309,0.49422965954991344,ok,0.9999999999999929,23360.236136032043,0.6999999999999929,0.6999999999999929,0.48999999999999
1000000.0,0.001,0.3,1.0,2,14,36.01800900450225,114.05702851425713,0.08489695478314364,0.4875647668393782,ok,0.53650831687744,20461.492022378447,0.23650831687744006,0.23650831687744006,0.0559361839521996
1000000.0,0.001,0.3,1.0,3,14,36.01800900450225,114.05702851425713,0.07621875773323435,0.5113636363636364,ok,1.0,17385.29433815212,0.7,0.7,0.48999999999999994
1000000.0,0.001,0.3,1.0,4,14,36.01800900450225,114.05702851425713,0.07937569676700111,0.5026816840976133,ok,1.0,17901.40813932269,0.7,0.7,0.48999999999999994
1000000.0,0.001,0.3,1.0,5,14,36.01800900450225,114.05702851425713,0.08122486051641364,0.5091445427728614,ok,0.5185081662593788,19333.451229630118,0.2185081662593788,0.2185081662593788,0.04774581872203633
1000000.0,0.001,0.3,1.0,6,14,36.01800900450225,114.05702851425713,0.07940878133603825,0.4999293685548806,ok,0.557385557214538,18849.050334194893,0.257385557214538,0.257385557214538,0.06624732506263821
1000000.0,0.001,0.3,1.0,7,14,36.01800900450225,114.05702851425713,0.09151030452168564,0.5058162855996791,ok,0.5130965659687595,22406.210409003383,0.21309656596875953,0.21309656596875953,0.045410146427677885
1000000.0,0.001,0.3,1.0,8,14,36.01800900450225,114.05702851425713,0.07617678763923823,0.49769460265798754,ok,0.5369514621968906,17948.223868672518,0.23695146219689062,0.23695146219689062,0.05614599543724448
1000000.0,0.001,0.3,1.0,9,14,36.01800900450225,114.05702851425713,0.08500823723228995,0.49509345794392523,ok,0.5304306973160142,20485.772417783963,0.23043069731601423,0.23043069731601423,0.05309830626554457
1000000.0,0.001,0.3,1.0,10,14,36.01800900450225,114.05702851425713,0.07996970024889082,0.4961842652976273,ok,1.0,18616.47769476512,0.7,0.7,0.48999999999999994
1000000.0,0.001,0.3,1.0,11,14,36.01800900450225,114.05702851425713,0.0738488271068636,0.5041732461087299,ok,1.0,16086.257972024352,0.7,0.7,0.48999999999999994
1000000.0,0.001,0.3,1.0,12,14,36.01800900450225,114.05702851425713,0.08073853856986388,0.5008876489982247,ok,0.5202647652474249,19202.438005903023,0.22026476524742494,0.22026476524742494,0.04851656680950322
1000000.0,0.001,0.3,1.0,13,14,36.01800900450225,114.05702851425713,0.08565248738284066,0.48819031435853866,ok,0.9999999982301615,20001.944955493185,0.6999999982301615,0.6999999982301615,0.48999999752222606
1000000.0,0.001,0.3,1.0,14,14,36.01800900450225,114.05702851425713,0.0778405524168236,0.4936839391595772,ok,0.5498553549093332,18403.60562918615,0.24985535490933325,0.24985535490933325,0.06242769837686888
1000000.0,0.001,0.3,1.0,15,14,36.01800900450225,114.05702851425713,0.08435686327439601,0.5055541841520612,ok,0.5253192424207522,20264.228304124135,0.22531924242075224,0.22531924242075224,0.05076876100506172
1000000.0,0.001,0.3,1.0,16,14,36.01800900450225,114.05702851425713,0.08834431630971994,0.49960348929421095,ok,0.5117107831210572,21444.260146497167,0.21171078312105723,0.21171078312105723,0.04482145568973133
1000000.0,0.001,0.3,1.0,17,14,36.01800900450225,114.05702851425713,0.07935523868567886,0.5027867409797595,ok,1.0,18554.239116641947,0.7,0.7,0.48999999999999994
1000000.0,0.001,0.3,1.0,18,14,36.01800900450225,114.05702851425713,0.08341728793068709,0.5065753424657534,ok,0.49370341181004573,19954.762043679115,0.19370341181004574,0.19370341181004574,0.03752101174685217
1000000.0,0.001,0.3,1.0,19,14,36.01800900450225,114.05702851425713,0.08137690355329949,0.488135593220339,ok,1.0,19013.82853737661,0.7,0.7,0.48999999999999994
1000000.0,0.01,0.3,1.0,0,14,36.01800900450225,114.05702851425713,0.08208955223880597,0.5035922766052986,ok,0.4895655185874246,19609.929819272034,0.1895655185874246,0.1895655185874246,0.03593508583731922
1000000.0,0.01,0.3,1.0,1,14,36.01800900450225,114.05702851425713,0.07922062769805156,0.4999402985074627,ok,0.46860849934663074,18837.084855932088,0.16860849934663075,0.16860849934663075,0.02842882605192278
1000000.0,0.01,0.3,1.0,2,14,36.01800900450225,114.05702851425713,0.07443257676902537,0.4867021276595745,ok,0.4598882030261965,17059.79615575095,0.1598882030261965,0.1598882030261965,0.025564237466946232
1000000.0,0.01,0.3,1.0,3,14,36.01800900450225,114.05702851425713,0.07797731568998109,0.5029007127465606,ok,0.4763179822193191,18402.957573265507,0.1763179822193191,0.1763179822193191,0.031088030853892126
1000000.0,0.01,0.3,1.0,4,14,36.01800900450225,114.05702851425713,0.08496344595929659,0.5116950620848975,ok,0.45127179353346264,20374.457582803185,0.15127179353346265,0.15127179353346265,0.022883155518830554
1000000.0,0.01,0.3,1.0,5,14,36.01800900450225,114.05702851425713,0.0856748042376785,0.5080164910673385,ok,0.44612015331293636,20337.18530265128,0.14612015331293637,0.14612015331293637,0.02135109920419603
1000000.0,0.01,0.3,1.0,6,14,36.01800900450225,114.05702851425713,0.07788778877887789,0.4909983633387889,ok,0.4604346071634617,18210.9195199296,0.1604346071634617,0.1604346071634617,0.025739263175694273
1000000.0,0.01,0.3,1.0,7,14,36.01800900450225,114.05702851425713,0.0779601406799531,0.5081049787726747,ok,1.0,17371.38281015107,0.7,0.7,0.48999999999999994
1000000.0,0.01,0.3,1.0,8,14,36.01800900450225,114.05702851425713,0.07277954304735966,0.5057276995305164,ok,0.494466204413739,17006.593981323276,0.19446620441373902,0.19446620441373902,0.03781710465908613
1000000.0,0.01,0.3,1.0,9,14,36.01800900450225,114.05702851425713,0.0889061689994816,0.4981347377660742,ok,0.45920886246947373,21356.505804951503,0.15920886246947374,0.15920886246947374,0.025347461888823804
1000000.0,0.01,0.3,1.0,10,14,36.01800900450225,114.05702851425713,0.08138903960933261,0.4978776087725504,ok,0.4753894629604114,19392.198568970776,0.1753894629604114,0.1753894629604114,0.030761463717541526
1000000.0,0.01,0.3,1.0,11,14,36.01800900450225,114.05702851425713,0.08494152046783626,0.5008665511265165,ok,0.451744060054013,20428.383597317323,0.15174406005401303,0.15174406005401303,0.023026259761675914
1000000.0,0.01,0.3,1.0,12,14,36.01800900450225,114.05702851425713,0.07738440704198105,0.4969604863221885,ok,0.4654495829682382,18311.35469029006,0.1654495829682382,0.1654495829682382,0.027373564504363936
1000000.0,0.01,0.3,1.0,13,14,36.01800900450225,114.05702851425713,0.08526645768025079,0.49658854939187186,ok,0.4453524065675984,20456.43196840819,0.1453524065675984,0.1453524065675984,0.021127322094992424
1000000.0,0.01,0.3,1.0,14,14,36.01800900450225,114.05702851425713,0.08088064889918888,0.4992286331379204,ok,0.46940315941203004,18824.09223007473,0.16940315941203005,0.16940315941203005,0.028697430418777665
1000000.0,0.01,0.3,1.0,15,14,36.01800900450225,114.05702851425713,0.08124191461836999,0.5168918918918919,ok,0.4550759836987419,19094.591235654636,0.15507598369874193,0.15507598369874193,0.02404856072013247
1000000.0,0.01,0.3,1.0,16,14,36.01800900450225,114.05702851425713,0.08252063015753938,0.5012991833704529,ok,0.4499828906590531,19600.968288584936,0.14998289065905313,0.14998289065905313,0.022494867490445485
1000000.0,0.01,0.3,1.0,17,14,36.01800900450225,114.05702851425713,0.08853118712273642,0.49249836921069795,ok,1.0,19953.491093198285,0.7,0.7,0.48999999999999994
1000000.0,0.01,0.3,1.0,18,14,36.01800900450225,114.05702851425713,0.08042796532005166,0.49550435515594266,ok,0.4565771364572432,18948.789636335998,0.1565771364572432,0.1565771364572432,0.024516399661150157
1000000.0,0.01,0.3,1.0,19,14,36.01800900450225,114.05702851425713,0.08279470606340412,0.49139546771170556,ok,0.458273381728895,19815.208355351748,0.158273381728895,0.158273381728895,0.025050463363900512
1000000.0,0.1,0.3,1.0,0,14,36.01800900450225,114.05702851425713,0.07565101691693595,0.5013003901170351,ok,0.358816829706842,16316.301583089402,0.05881682970684199,0.05881682970684199,0.0034594194567636504
1000000.0,0.1,0.3,1.0,1,14,36.01800900450225,114.05702851425713,0.07512953367875648,0.4966650786088614,ok,0.34060209609591297,17250.292280949976,0.040602096095912976,0.040602096095912976,0.0016485302073817518
1000000.0,0.1,0.3,1.0,2,14,36.01800900450225,114.05702851425713,0.07263542936770598,0.5119815668202765,ok,0.3837147445223652,16100.227493896484,0.08371474452236521,0.08371474452236521,0.007008158450444876
1000000.0,0.1,0.3,1.0,3,14,36.01800900450225,114.05702851425713,0.07766170729133692,0.4966120835686053,ok,0.35863497003700345,17971.723494009242,0.058634970037003464,0.058634970037003464,0.003438059711240294
1000000.0,0.1,0.3,1.0,4,14,36.01800900450225,114.05702851425713,0.07482250136537412,0.49379652605459057,ok,0.3792204510358235,14269.424932504942,0.07922045103582354,0.07922045103582354,0.006275879862319315
1000000.0,0.1,0.3,1.0,5,14,36.01800900450225,114.05702851425713,0.07921714818266543,0.4908639747349425,ok,0.3587366386858759,16956.79306384845,0.05873663868587592,0.05873663868587592,0.0034499927241151357
1000000.0,0.1,0.3,1.0,6,14,36.01800900450225,114.05702851425713,0.07322033898305084,0.49680432645034417,ok,0.3722093390797507,15804.710399164609,0.07220933907975069,0.07220933907975069,0.00521418865033441
1000000.0,0.1,0.3,1.0,7,14,36.01800900450225,114.05702851425713,0.07632488479262672,0.5019103855505384,ok,0.37399608177255,17277.904864047516,0.07399608177255002,0.07399608177255002,0.005475420117689909
1000000.0,0.1,0.3,1.0,8,14,36.01800900450225,114.05702851425713,0.07205056179775281,0.5015290519877675,ok,0.3552788225448509,16257.455020225269,0.05527882254485089,0.05527882254485089,0.003055748221945115
1000000.0,0.1,0.3,1.0,9,14,36.01800900450225,114.05702851425713,0.07818636201356659,0.51,ok,0.35504898381241146,16646.366664476915,0.05504898381241147,0.05504898381241147,0.00303039061877914
1000000.0,0.1,0.3,1.0,10,14,36.01800900450225,114.05702851425713,0.07760979121670267,0.495849609375,ok,0.3519052706492304,17624.37167631361,0.051905270649230395,0.051905270649230395,0.0026941571211698584
1000000.0,0.1,0.3,1.0,11,14,36.01800900450225,114.05702851425713,0.09505703422053231,0.5051602390005432,ok,0.44931377347964535,10473.105389725457,0.14931377347964536,0.14931377347964536,0.022294602950730845
1000000.0,0.1,0.3,1.0,12,14,36.01800900450225,114.05702851425713,0.07333333333333333,0.5007566585956417,ok,0.36430167616592807,16593.68024847207,0.06430167616592808,0.06430167616592808,0.004134705557747883
1000000.0,0.1,0.3,1.0,13,14,36.01800900450225,114.05702851425713,0.08268114112597828,0.5146609651802077,ok,0.33168039281228223,18969.1209374639,0.03168039281228224,0.03168039281228224,0.0010036472887405045
1000000.0,0.1,0.3,1.0,14,14,36.01800900450225,114.05702851425713,0.08236895847515316,0.4853751589656634,ok,0.3598550539270269,18698.342946028235,0.05985505392702689,0.05985505392702689,0.003582627480607297
1000000.0,0.1,0.3,1.0,15,14,36.01800900450225,114.05702851425713,0.07566832804712278,0.4922425952045134,ok,0.372304140880714,16978.62460415196,0.07230414088071402,0.07230414088071402,0.00522788878849814
1000000.0,0.1,0.3,1.0,16,14,36.01800900450225,114.05702851425713,0.07791363163371488,0.49536544598085397,ok,0.36202634883931833,17065.39293634779,0.062026348839318346,0.062026348839318346,0.0038472679503368085
1000000.0,0.1,0.3,1.0,17,14,36.01800900450225,114.05702851425713,0.07682136718233505,0.5014100394811055,ok,0.9999993935118138,16932.950340258398,0.6999993935118138,0.6999993935118138,0.4899991509169072
1000000.0,0.1,0.3,1.0,18,14,36.01800900450225,114.05702851425713,0.08257113821138211,0.4958050984188448,ok,0.3562578978655352,18255.897706052096,0.0562578978655352,0.0562578978655352,0.00316495107224899
1000000.0,0.1,0.3,1.0,19,14,36.01800900450225,114.05702851425713,0.07441634241245136,0.4935048395313296,ok,0.37793350991057817,15421.691614567791,0.07793350991057818,0.07793350991057818,0.006073631966982187
1000000.0,1.0,0.3,1.0,0,14,36.01800900450225,114.05702851425713,0.0658354114713217,0.49611461874696455,ok,0.2758038894000397,16089.564033310127,-0.024196110599960297,0.024196110599960297,0.000585451768165511
1000000.0,1.0,0.3,1.0,1,14,36.01800900450225,114.05702851425713,0.06576980568011959,0.49987471811576045,ok,0.276107764039027,15513.609374275311,-0.023892235960973007,0.023892235960973007,0.0005708389392148118
1000000.0,1.0,0.3,1.0,2,14,36.01800900450225,114.05702851425713,0.06974102680599728,0.4948745139625309,ok,0.2688039234228046,16783.491315875737,-0.031196076577195364,0.031196076577195364,0.0009731951938102372
1000000.0,1.0,0.3,1.0,3,14,36.01800900450225,114.05702851425713,0.07542579075425791,0.5114989021148735,ok,0.2520505402181951,18203.61826604873,-0.04794945978180487,0.04794945978180487,0.0022991506933669227
1000000.0,1.0,0.3,1.0,4,14,36.01800900450225,114.05702851425713,0.06500134300295461,0.5093417648749641,ok,0.27632509663941895,15851.390293932704,-0.023674903360581034,0.023674903360581034,0.0005605010491328511
1000000.0,1.0,0.3,1.0,5,14,36.01800900450225,114.05702851425713,0.07608472136541229,0.4921661278288983,ok,0.2555078177650831,17644.790745963062,-0.04449218223491691,0.04449218223491691,0.001979554280025056
1000000.0,1.0,0.3,1.0,6,14,36.01800900450225,114.05702851425713,0.07467962881131242,0.49305312317571515,ok,0.26505690238716134,17402.160800531557,-0.03494309761283865,0.03494309761283865,0.00122102007078037
1000000.0,1.0,0.3,1.0,7,14,36.01800900450225,114.05702851425713,0.07173678532901834,0.5003502218071445,ok,0.2704413734350022,16635.278786949893,-0.029558626564997803,0.029558626564997803,0.0008737124044089938
1000000.0,1.0,0.3,1.0,8,14,36.01800900450225,114.05702851425713,0.07206035379812695,0.49566955363091275,ok,0.2680855388390814,16807.181848050994,-0.03191446116091856,0.03191446116091856,0.0010185328311917794
1000000.0,1.0,0.3,1.0,9,14,36.01800900450225,114.05702851425713,0.07157958320749018,0.49477611940298505,ok,0.2749342618202463,16064.897620264186,-0.025065738179753716,0.025065738179753716,0.0006282912304959631
1000000.0,1.0,0.3,1.0,10,14,36.01800900450225,114.05702851425713,0.07331300543550312,0.5034321979018261,ok,0.26526504740192697,17272.007375810826,-0.03473495259807302,0.03473495259807302,0.0012065169319903798
1000000.0,1.0,0.3,1.0,11,14,36.01800900450225,114.05702851425713,0.06856591018831483,0.5045286816504528,ok,0.28953428808795306,15721.634235799107,-0.010465711912046927,0.010465711912046927,0.00010953112582596094
1000000.0,1.0,0.3,1.0,12,14,36.01800900450225,114.05702851425713,0.07333457734651987,0.5025591810620601,ok,0.27687046256118164,17290.03103079319,-0.02312953743881835,0.02312953743881835,0.0005349755021336997
1000000.0,1.0,0.3,1.0,13,14,36.01800900450225,114.05702851425713,0.06763285024154589,0.5033395671920919,ok,0.269312932144112,15973.015998877654,-0.030687067855887984,0.030687067855887984,0.0009416961335918736
1000000.0,1.0,0.3,1.0,14,14,36.01800900450225,114.05702851425713,0.06886792452830189,0.5080336648814078,ok,0.2731891564516279,16310.487383646,-0.0268108435483721,0.0268108435483721,0.0007188213317752858
1000000.0,1.0,0.3,1.0,15,14,36.01800900450225,114.05702851425713,0.07154811715481171,0.5053026955368979,ok,0.2703537952171651,17082.32986628329,-0.029646204782834862,0.029646204782834862,0.0008788974580257806
1000000.0,1.0,0.3,1.0,16,14,36.01800900450225,114.05702851425713,0.07583397982932506,0.48270823185582074,ok,0.25503127353228605,17233.507529706578,-0.04496872646771394,0.04496872646771394,0.002022186360128076
1000000.0,1.0,0.3,1.0,17,14,36.01800900450225,114.05702851425713,0.06809050539226053,0.48661950169178714,ok,0.2775429788956702,15505.235504415745,-0.02245702110432979,0.02245702110432979,0.0005043177968803135
1000000.0,1.0,0.3,1.0,18,14,36.01800900450225,114.05702851425713,0.07212223229315033,0.5026250345399281,ok,0.2623200758206003,17234.33187654154,-0.03767992417939969,0.03767992417939969,0.0014197766861653097
1000000.0,1.0,0.3,1.0,19,14,36.01800900450225,114.05702851425713,0.07630939993062782,0.5019579405366208,ok,0.26475039106920717,17991.286167191753,-0.03524960893079282,0.03524960893079282,0.0012425349297738289
1000000.0,10.0,0.3,1.0,0,14,36.01800900450225,114.05702851425713,0.064616582327754,0.4896449704142012,ok,0.23416747883678948,17388.300226857096,-0.0658325211632105,0.0658325211632105,0.004333920842704559
1000000.0,10.0,0.3,1.0,1,14,36.01800900450225,114.05702851425713,0.07523277467411546,0.47464285714285714,ok,0.21832918255986447,20021.19784632888,-0.08167081744013552,0.08167081744013552,0.0066701224213399435
1000000.0,10.0,0.3,1.0,2,14,36.01800900450225,114.05702851425713,0.07014157014157014,0.4761802575107296,ok,0.2113694082803585,18977.108041512234,-0.0886305917196415,0.0886305917196415,0.007855381788573782
1000000.0,10.0,0.3,1.0,3,14,36.01800900450225,114.05702851425713,0.07633098139833226,0.4733076499724821,ok,0.2044206539331809,22121.835488241773,-0.09557934606681909,0.09557934606681909,0.009135411394560766
1000000.0,10.0,0.3,1.0,4,14,36.01800900450225,114.05702851425713,0.07552027461918043,0.4776448362720403,ok,0.22734851164999634,19298.93407328101,-0.07265148835000365,0.07265148835000365,0.0052782387594707166
1000000.0,10.0,0.3,1.0,5,14,36.01800900450225,114.05702851425713,0.0613724796604174,0.4647196261682243,ok,0.23418957655165415,17177.951857249183,-0.06581042344834584,0.06581042344834584,0.004331011834450588
1000000.0,10.0,0.3,1.0,6,14,36.01800900450225,114.05702851425713,0.07011353175820804,0.4778745644599303,ok,0.22956497523250222,18220.219443071328,-0.07043502476749777,0.07043502476749777,0.004961092713998025
1000000.0,10.0,0.3,1.0,7,14,36.01800900450225,114.05702851425713,0.07723577235772358,0.4749961767854412,ok,0.21052710083727272,20989.353301834013,-0.08947289916272727,0.08947289916272727,0.008005399684583562
1000000.0,10.0,0.3,1.0,8,14,36.01800900450225,114.05702851425713,0.07081174438687392,0.4636891793754539,ok,0.2241688974623367,18379.42632931752,-0.07583110253766329,0.07583110253766329,0.005750356112077603
1000000.0,10.0,0.3,1.0,9,14,36.01800900450225,114.05702851425713,0.07478260869565218,0.4727864785238021,ok,0.21027780190734077,19621.63099312722,-0.08972219809265922,0.08972219809265922,0.00805007283057838
1000000.0,10.0,0.3,1.0,10,14,36.01800900450225,114.05702851425713,0.06777181862506095,0.4780594167348051,ok,0.22665766106362625,18239.82835737876,-0.07334233893637374,0.07334233893637374,0.005379098680657923
1000000.0,10.0,0.3,1.0,11,14,36.01800900450225,114.05702851425713,0.07203065134099616,0.4882242990654206,ok,0.2252565323499305,18631.61713689805,-0.07474346765006948,0.07474346765006948,0.005586585956356983
1000000.0,10.0,0.3,1.0,12,14,36.01800900450225,114.05702851425713,0.07477451265638638,0.4678913738019169,ok,0.21115053648567084,20831.37408747584,-0.08884946351432915,0.08884946351432915,0.007894227166784108
1000000.0,10.0,0.3,1.0,13,14,36.01800900450225,114.05702851425713,0.07513163223977319,0.4788135593220339,ok,0.21544310207456235,19621.800313579926,-0.08455689792543764,0.08455689792543764,0.00714986898677288
1000000.0,10.0,0.3,1.0,14,14,36.01800900450225,114.05702851425713,0.060158910329171394,0.4737678855325914,ok,0.23881057388153834,17164.750520116584,-0.06118942611846165,0.06118942611846165,0.0037441458687066764
1000000.0,10.0,0.3,1.0,15,14,36.01800900450225,114.05702851425713,0.06754385964912281,0.48097488187018156,ok,0.2517798161348955,16884.186306774984,-0.048220183865104516,0.048220183865104516,0.0023251861319844858
1000000.0,10.0,0.3,1.0,16,14,36.01800900450225,114.05702851425713,0.06470588235294118,0.4817583199857626,ok,0.222455779340909,16939.337143221128,-0.077544220659091,0.077544220659091,0.006013106157625796
1000000.0,10.0,0.3,1.0,17,14,36.01800900450225,114.05702851425713,0.07043160833154391,0.47642303805995284,ok,0.22245908587172267,18548.78407182396,-0.07754091412827732,0.07754091412827732,0.006012593363848877
1000000.0,10.0,0.3,1.0,18,14,36.01800900450225,114.05702851425713,0.06742034943473793,0.47041062801932365,ok,0.21694863242255497,17917.163894615485,-0.08305136757744502,0.08305136757744502,0.006897529656483887
1000000.0,10.0,0.3,1.0,19,14,36.01800900450225,114.05702851425713,0.06799501867995018,0.4814358613408411,ok,0.2200928290668576,18600.14429825469,-0.0799071709331424,0.0799071709331424,0.006385155966538437
